LED_V,V_set,V_actual,I_avg_A,I_std_A,N,Readings_A,Wavelength_nm,Comment
3.1,1.000000,1.000000,-1.929720000000e-10,0.000000000000e+00,1,-1.929720000000e-10,400,blue
3.1,1.010000,1.010000,-3.131211000000e-10,0.000000000000e+00,1,-3.131211000000e-10,400,blue
3.1,1.020000,1.020000,-2.883832000000e-10,0.000000000000e+00,1,-2.883832000000e-10,400,blue
3.1,1.030000,1.030000,-2.868239000000e-10,0.000000000000e+00,1,-2.868239000000e-10,400,blue
3.1,1.040000,1.040000,-8.049816000000e-11,0.000000000000e+00,1,-8.049816000000e-11,400,blue
3.1,1.050000,1.050000,-1.674756000000e-10,0.000000000000e+00,1,-1.674756000000e-10,400,blue
3.1,1.060000,1.060000,-3.669374000000e-10,0.000000000000e+00,1,-3.669374000000e-10,400,blue
3.1,1.070000,1.070000,-1.966805000000e-10,0.000000000000e+00,1,-1.966805000000e-10,400,blue
3.1,1.080000,1.080000,-2.875147000000e-11,0.000000000000e+00,1,-2.875147000000e-11,400,blue
3.1,1.090000,1.090000,-6.579169000000e-11,0.000000000000e+00,1,-6.579169000000e-11,400,blue
3.1,1.100000,1.100000,-3.020374000000e-10,0.000000000000e+00,1,-3.020374000000e-10,400,blue
3.1,1.110000,1.110000,-3.539152000000e-10,0.000000000000e+00,1,-3.539152000000e-10,400,blue
3.1,1.120000,1.120000,-2.308162000000e-10,0.000000000000e+00,1,-2.308162000000e-10,400,blue
3.1,1.130000,1.130000,-6.924712000000e-11,0.000000000000e+00,1,-6.924712000000e-11,400,blue
3.1,1.140000,1.140000,-6.326337000000e-11,0.000000000000e+00,1,-6.326337000000e-11,400,blue
3.1,1.150000,1.150000,-1.904012000000e-10,0.000000000000e+00,1,-1.904012000000e-10,400,blue
3.1,1.160000,1.160000,-3.215916000000e-10,0.000000000000e+00,1,-3.215916000000e-10,400,blue
3.1,1.170000,1.170000,-2.813031000000e-10,0.000000000000e+00,1,-2.813031000000e-10,400,blue
3.1,1.180000,1.180000,-8.551278000000e-11,0.000000000000e+00,1,-8.551278000000e-11,400,blue
3.1,1.190000,1.190000,-1.480899000000e-10,0.000000000000e+00,1,-1.480899000000e-10,400,blue
3.1,1.200000,1.200000,-2.558489000000e-10,0.000000000000e+00,1,-2.558489000000e-10,400,blue
3.1,1.210000,1.210000,-1.452663000000e-10,0.000000000000e+00,1,-1.452663000000e-10,400,blue
3.1,1.220000,1.220000,-9.891300000000e-11,0.000000000000e+00,1,-9.891300000000e-11,400,blue
3.1,1.230000,1.230000,-1.788962000000e-10,0.000000000000e+00,1,-1.788962000000e-10,400,blue
3.1,1.240000,1.240000,-2.288354000000e-10,0.000000000000e+00,1,-2.288354000000e-10,400,blue
3.1,1.250000,1.250000,-2.468303000000e-10,0.000000000000e+00,1,-2.468303000000e-10,400,blue
3.1,1.260000,1.260000,-1.300537000000e-10,0.000000000000e+00,1,-1.300537000000e-10,400,blue
3.1,1.270000,1.270000,-1.533577000000e-10,0.000000000000e+00,1,-1.533577000000e-10,400,blue
3.1,1.280000,1.280000,-2.173725000000e-10,0.000000000000e+00,1,-2.173725000000e-10,400,blue
3.1,1.290000,1.290000,-1.973547000000e-10,0.000000000000e+00,1,-1.973547000000e-10,400,blue
3.1,1.300000,1.300000,-2.118097000000e-10,0.000000000000e+00,1,-2.118097000000e-10,400,blue
3.1,1.310000,1.310000,-1.688241000000e-10,0.000000000000e+00,1,-1.688241000000e-10,400,blue
3.1,1.320000,1.320000,-1.475420000000e-10,0.000000000000e+00,1,-1.475420000000e-10,400,blue
3.1,1.330000,1.330000,-1.679813000000e-10,0.000000000000e+00,1,-1.679813000000e-10,400,blue
3.1,1.340000,1.340000,-7.674793000000e-11,0.000000000000e+00,1,-7.674793000000e-11,400,blue
3.1,1.350000,1.350000,-2.386124000000e-10,0.000000000000e+00,1,-2.386124000000e-10,400,blue
3.1,1.360000,1.360000,-1.930140000000e-10,0.000000000000e+00,1,-1.930140000000e-10,400,blue
3.1,1.370000,1.370000,-1.899376000000e-10,0.000000000000e+00,1,-1.899376000000e-10,400,blue
3.1,1.380000,1.380000,-2.319960000000e-10,0.000000000000e+00,1,-2.319960000000e-10,400,blue
3.1,1.390000,1.390000,-1.834476000000e-10,0.000000000000e+00,1,-1.834476000000e-10,400,blue
3.1,1.400000,1.400000,3.584733000000e-11,0.000000000000e+00,1,3.584733000000e-11,400,blue
3.1,1.410000,1.410000,-2.840422000000e-10,0.000000000000e+00,1,-2.840422000000e-10,400,blue
3.1,1.420000,1.420000,-1.754826000000e-10,0.000000000000e+00,1,-1.754826000000e-10,400,blue
3.1,1.430000,1.430000,-1.532734000000e-10,0.000000000000e+00,1,-1.532734000000e-10,400,blue
3.1,1.440000,1.440000,-1.904011000000e-10,0.000000000000e+00,1,-1.904011000000e-10,400,blue
3.1,1.450000,1.450000,-2.265596000000e-10,0.000000000000e+00,1,-2.265596000000e-10,400,blue
3.1,1.460000,1.460000,-2.118518000000e-10,0.000000000000e+00,1,-2.118518000000e-10,400,blue
3.1,1.470000,1.470000,-1.670541000000e-10,0.000000000000e+00,1,-1.670541000000e-10,400,blue
3.1,1.480000,1.480000,-1.927611000000e-10,0.000000000000e+00,1,-1.927611000000e-10,400,blue
3.1,1.490000,1.490000,-2.106296000000e-10,0.000000000000e+00,1,-2.106296000000e-10,400,blue
3.1,1.500000,1.500000,-1.796126000000e-10,0.000000000000e+00,1,-1.796126000000e-10,400,blue
3.1,1.510000,1.510000,-1.859762000000e-10,0.000000000000e+00,1,-1.859762000000e-10,400,blue
3.1,1.520000,1.520000,-1.374281000000e-10,0.000000000000e+00,1,-1.374281000000e-10,400,blue
3.1,1.530000,1.530000,-1.529363000000e-10,0.000000000000e+00,1,-1.529363000000e-10,400,blue
3.1,1.540000,1.540000,-2.221767000000e-10,0.000000000000e+00,1,-2.221767000000e-10,400,blue
3.1,1.550000,1.550000,-3.842152000000e-10,0.000000000000e+00,1,-3.842152000000e-10,400,blue
3.1,1.560000,1.560000,-2.306309000000e-11,0.000000000000e+00,1,-2.306309000000e-11,400,blue
3.1,1.570000,1.570000,-1.113019000000e-10,0.000000000000e+00,1,-1.113019000000e-10,400,blue
3.1,1.580000,1.580000,-3.296825000000e-10,0.000000000000e+00,1,-3.296825000000e-10,400,blue
3.1,1.590000,1.590000,-2.870764000000e-10,0.000000000000e+00,1,-2.870764000000e-10,400,blue
3.1,1.600000,1.600000,-1.198983000000e-10,0.000000000000e+00,1,-1.198983000000e-10,400,blue
3.1,1.610000,1.610000,-5.020053000000e-11,0.000000000000e+00,1,-5.020053000000e-11,400,blue
3.1,1.620000,1.620000,-3.937084000000e-11,0.000000000000e+00,1,-3.937084000000e-11,400,blue
3.1,1.630000,1.630000,-1.869875000000e-10,0.000000000000e+00,1,-1.869875000000e-10,400,blue
3.1,1.640000,1.640000,-2.448072000000e-10,0.000000000000e+00,1,-2.448072000000e-10,400,blue
3.1,1.650000,1.650000,-2.553850000000e-10,0.000000000000e+00,1,-2.553850000000e-10,400,blue
3.1,1.660000,1.660000,-9.866029000000e-11,0.000000000000e+00,1,-9.866029000000e-11,400,blue
3.1,1.670000,1.670000,-2.895627000000e-10,0.000000000000e+00,1,-2.895627000000e-10,400,blue
3.1,1.680000,1.680000,-5.192825000000e-11,0.000000000000e+00,1,-5.192825000000e-11,400,blue
3.1,1.690000,1.690000,-2.012739000000e-10,0.000000000000e+00,1,-2.012739000000e-10,400,blue
3.1,1.700000,1.700000,-1.770840000000e-10,0.000000000000e+00,1,-1.770840000000e-10,400,blue
3.1,1.710000,1.710000,-7.261847000000e-11,0.000000000000e+00,1,-7.261847000000e-11,400,blue
3.1,1.720000,1.720000,-3.060599000000e-11,0.000000000000e+00,1,-3.060599000000e-11,400,blue
3.1,1.730000,1.730000,-1.689083000000e-10,0.000000000000e+00,1,-1.689083000000e-10,400,blue
3.1,1.740000,1.740000,-4.732797000000e-12,0.000000000000e+00,1,-4.732797000000e-12,400,blue
3.1,1.750000,1.750000,-8.167834000000e-11,0.000000000000e+00,1,-8.167834000000e-11,400,blue
3.1,1.760000,1.760000,-1.193084000000e-10,0.000000000000e+00,1,-1.193084000000e-10,400,blue
3.1,1.770000,1.770000,-4.910503000000e-11,0.000000000000e+00,1,-4.910503000000e-11,400,blue
3.1,1.780000,1.780000,1.089157000000e-10,0.000000000000e+00,1,1.089157000000e-10,400,blue
3.1,1.790000,1.790000,4.301047000000e-11,0.000000000000e+00,1,4.301047000000e-11,400,blue
3.1,1.800000,1.800000,9.007961000000e-11,0.000000000000e+00,1,9.007961000000e-11,400,blue
3.1,1.810000,1.810000,1.915498000000e-10,0.000000000000e+00,1,1.915498000000e-10,400,blue
3.1,1.820000,1.820000,1.612944000000e-10,0.000000000000e+00,1,1.612944000000e-10,400,blue
3.1,1.830000,1.830000,2.507970000000e-10,0.000000000000e+00,1,2.507970000000e-10,400,blue
3.1,1.840000,1.840000,2.292641000000e-10,0.000000000000e+00,1,2.292641000000e-10,400,blue
3.1,1.850000,1.850000,3.435445000000e-10,0.000000000000e+00,1,3.435445000000e-10,400,blue
3.1,1.860000,1.860000,4.713092000000e-10,0.000000000000e+00,1,4.713092000000e-10,400,blue
3.1,1.870000,1.870000,4.744274000000e-10,0.000000000000e+00,1,4.744274000000e-10,400,blue
3.1,1.880000,1.880000,5.552082000000e-10,0.000000000000e+00,1,5.552082000000e-10,400,blue
3.1,1.890000,1.890000,6.625775000000e-10,0.000000000000e+00,1,6.625775000000e-10,400,blue
3.1,1.900000,1.900000,7.592018000000e-10,0.000000000000e+00,1,7.592018000000e-10,400,blue
3.1,1.910000,1.910000,8.950148000000e-10,0.000000000000e+00,1,8.950148000000e-10,400,blue
3.1,1.920000,1.920000,1.028469000000e-09,0.000000000000e+00,1,1.028469000000e-09,400,blue
3.1,1.930000,1.930000,1.183160000000e-09,0.000000000000e+00,1,1.183160000000e-09,400,blue
3.1,1.940000,1.940000,1.336756000000e-09,0.000000000000e+00,1,1.336756000000e-09,400,blue
3.1,1.950000,1.950000,1.538601000000e-09,0.000000000000e+00,1,1.538601000000e-09,400,blue
3.1,1.960000,1.960000,1.764633000000e-09,0.000000000000e+00,1,1.764633000000e-09,400,blue
3.1,1.970000,1.970000,1.994922000000e-09,0.000000000000e+00,1,1.994922000000e-09,400,blue
3.1,1.980000,1.980000,2.259047000000e-09,0.000000000000e+00,1,2.259047000000e-09,400,blue
3.1,1.990000,1.990000,2.586718000000e-09,0.000000000000e+00,1,2.586718000000e-09,400,blue
3.1,2.000000,2.000000,2.947805000000e-09,0.000000000000e+00,1,2.947805000000e-09,400,blue
3.1,2.010000,2.010000,3.316647000000e-09,0.000000000000e+00,1,3.316647000000e-09,400,blue
3.1,2.020000,2.020000,3.704913000000e-09,0.000000000000e+00,1,3.704913000000e-09,400,blue
3.1,2.030000,2.030000,4.289377000000e-09,0.000000000000e+00,1,4.289377000000e-09,400,blue
3.1,2.040000,2.040000,4.776166000000e-09,0.000000000000e+00,1,4.776166000000e-09,400,blue
3.1,2.050000,2.050000,5.339221000000e-09,0.000000000000e+00,1,5.339221000000e-09,400,blue
3.1,2.060000,2.060000,5.969789000000e-09,0.000000000000e+00,1,5.969789000000e-09,400,blue
3.1,2.070000,2.070000,6.734268000000e-09,0.000000000000e+00,1,6.734268000000e-09,400,blue
3.1,2.080000,2.080000,7.550454000000e-09,0.000000000000e+00,1,7.550454000000e-09,400,blue
3.1,2.090000,2.090000,8.446196000000e-09,0.000000000000e+00,1,8.446196000000e-09,400,blue
3.1,2.100000,2.100000,9.456515000000e-09,0.000000000000e+00,1,9.456515000000e-09,400,blue
3.1,2.110000,2.110000,1.064293000000e-08,0.000000000000e+00,1,1.064293000000e-08,400,blue
3.1,2.120000,2.120000,1.188051000000e-08,0.000000000000e+00,1,1.188051000000e-08,400,blue
3.1,2.130000,2.130000,1.322208000000e-08,0.000000000000e+00,1,1.322208000000e-08,400,blue
3.1,2.140000,2.140000,1.474885000000e-08,0.000000000000e+00,1,1.474885000000e-08,400,blue
3.1,2.150000,2.150000,1.652255000000e-08,0.000000000000e+00,1,1.652255000000e-08,400,blue
3.1,2.160000,2.160000,1.841496000000e-08,0.000000000000e+00,1,1.841496000000e-08,400,blue
3.1,2.170000,2.170000,2.055013000000e-08,0.000000000000e+00,1,2.055013000000e-08,400,blue
3.1,2.180000,2.180000,2.291735000000e-08,0.000000000000e+00,1,2.291735000000e-08,400,blue
3.1,2.190000,2.190000,2.555679000000e-08,0.000000000000e+00,1,2.555679000000e-08,400,blue
3.1,2.200000,2.200000,2.841720000000e-08,0.000000000000e+00,1,2.841720000000e-08,400,blue
3.1,2.210000,2.210000,3.170089000000e-08,0.000000000000e+00,1,3.170089000000e-08,400,blue
3.1,2.220000,2.220000,3.534047000000e-08,0.000000000000e+00,1,3.534047000000e-08,400,blue
3.1,2.230000,2.230000,3.926292000000e-08,0.000000000000e+00,1,3.926292000000e-08,400,blue
3.1,2.240000,2.240000,4.363081000000e-08,0.000000000000e+00,1,4.363081000000e-08,400,blue
3.1,2.250000,2.250000,4.862725000000e-08,0.000000000000e+00,1,4.862725000000e-08,400,blue
3.1,2.260000,2.260000,5.398755000000e-08,0.000000000000e+00,1,5.398755000000e-08,400,blue
3.1,2.270000,2.270000,5.999760000000e-08,0.000000000000e+00,1,5.999760000000e-08,400,blue
3.1,2.280000,2.280000,6.688122000000e-08,0.000000000000e+00,1,6.688122000000e-08,400,blue
3.1,2.290000,2.290000,7.428056000000e-08,0.000000000000e+00,1,7.428056000000e-08,400,blue
3.1,2.300000,2.300000,8.240414000000e-08,0.000000000000e+00,1,8.240414000000e-08,400,blue
3.1,2.310000,2.310000,9.190310000000e-08,0.000000000000e+00,1,9.190310000000e-08,400,blue
3.1,2.320000,2.320000,1.020394000000e-07,0.000000000000e+00,1,1.020394000000e-07,400,blue
3.1,2.330000,2.330000,1.137331000000e-07,0.000000000000e+00,1,1.137331000000e-07,400,blue
3.1,2.340000,2.340000,1.265405000000e-07,0.000000000000e+00,1,1.265405000000e-07,400,blue
3.1,2.350000,2.350000,1.406102000000e-07,0.000000000000e+00,1,1.406102000000e-07,400,blue
3.1,2.360000,2.360000,1.569560000000e-07,0.000000000000e+00,1,1.569560000000e-07,400,blue
3.1,2.370000,2.370000,1.748266000000e-07,0.000000000000e+00,1,1.748266000000e-07,400,blue
3.1,2.380000,2.380000,1.945891000000e-07,0.000000000000e+00,1,1.945891000000e-07,400,blue
3.1,2.390000,2.390000,2.176270000000e-07,0.000000000000e+00,1,2.176270000000e-07,400,blue
3.1,2.400000,2.400000,2.429634000000e-07,0.000000000000e+00,1,2.429634000000e-07,400,blue
3.1,2.410000,2.410000,2.716269000000e-07,0.000000000000e+00,1,2.716269000000e-07,400,blue
3.1,2.420000,2.420000,3.049188000000e-07,0.000000000000e+00,1,3.049188000000e-07,400,blue
3.1,2.430000,2.430000,3.417733000000e-07,0.000000000000e+00,1,3.417733000000e-07,400,blue
3.1,2.440000,2.440000,3.856198000000e-07,0.000000000000e+00,1,3.856198000000e-07,400,blue
3.1,2.450000,2.450000,4.343007000000e-07,0.000000000000e+00,1,4.343007000000e-07,400,blue
3.1,2.460000,2.460000,4.902483000000e-07,0.000000000000e+00,1,4.902483000000e-07,400,blue
3.1,2.470000,2.470000,5.578863000000e-07,0.000000000000e+00,1,5.578863000000e-07,400,blue
3.1,2.480000,2.480000,6.346540000000e-07,0.000000000000e+00,1,6.346540000000e-07,400,blue
3.1,2.490000,2.490000,7.247608000000e-07,0.000000000000e+00,1,7.247608000000e-07,400,blue
3.1,2.500000,2.500000,8.370350000000e-07,0.000000000000e+00,1,8.370350000000e-07,400,blue
3.1,2.510000,2.510000,9.393274000000e-07,0.000000000000e+00,1,9.393274000000e-07,400,blue
3.1,2.520000,2.520000,1.020147000000e-06,0.000000000000e+00,1,1.020147000000e-06,400,blue
3.1,2.530000,2.530000,1.323920000000e-06,0.000000000000e+00,1,1.323920000000e-06,400,blue
3.1,2.540000,2.540000,1.568724000000e-06,0.000000000000e+00,1,1.568724000000e-06,400,blue
3.1,2.550000,2.550000,1.877020000000e-06,0.000000000000e+00,1,1.877020000000e-06,400,blue
3.1,2.560000,2.560000,2.287173000000e-06,0.000000000000e+00,1,2.287173000000e-06,400,blue
3.1,2.570000,2.570000,2.801351000000e-06,0.000000000000e+00,1,2.801351000000e-06,400,blue
3.1,2.580000,2.580000,3.500644000000e-06,0.000000000000e+00,1,3.500644000000e-06,400,blue
3.1,2.590000,2.590000,4.396591000000e-06,0.000000000000e+00,1,4.396591000000e-06,400,blue
3.1,2.600000,2.600000,5.589754000000e-06,0.000000000000e+00,1,5.589754000000e-06,400,blue
3.1,2.610000,2.610000,7.251833000000e-06,0.000000000000e+00,1,7.251833000000e-06,400,blue
3.1,2.620000,2.620000,9.426364000000e-06,0.000000000000e+00,1,9.426364000000e-06,400,blue
3.1,2.630000,2.630000,1.225784000000e-05,0.000000000000e+00,1,1.225784000000e-05,400,blue
3.1,2.640000,2.640000,1.633879000000e-05,0.000000000000e+00,1,1.633879000000e-05,400,blue
3.1,2.650000,2.650000,2.169941000000e-05,0.000000000000e+00,1,2.169941000000e-05,400,blue
3.1,2.660000,2.660000,2.893542000000e-05,0.000000000000e+00,1,2.893542000000e-05,400,blue
3.1,2.670000,2.670000,3.905649000000e-05,0.000000000000e+00,1,3.905649000000e-05,400,blue
3.1,2.680000,2.680000,5.229397000000e-05,0.000000000000e+00,1,5.229397000000e-05,400,blue
3.1,2.690000,2.690000,7.068503000000e-05,0.000000000000e+00,1,7.068503000000e-05,400,blue
3.1,2.700000,2.700000,9.455470000000e-05,0.000000000000e+00,1,9.455470000000e-05,400,blue
3.1,2.710000,2.710000,1.249529000000e-04,0.000000000000e+00,1,1.249529000000e-04,400,blue
3.1,2.720000,2.720000,1.674151000000e-04,0.000000000000e+00,1,1.674151000000e-04,400,blue
3.1,2.730000,2.730000,2.212406000000e-04,0.000000000000e+00,1,2.212406000000e-04,400,blue
3.1,2.740000,2.740000,2.905130000000e-04,0.000000000000e+00,1,2.905130000000e-04,400,blue
3.1,2.750000,2.750000,3.821467000000e-04,0.000000000000e+00,1,3.821467000000e-04,400,blue
3.1,2.760000,2.760000,4.938081000000e-04,0.000000000000e+00,1,4.938081000000e-04,400,blue
3.1,2.770000,2.770000,6.317963000000e-04,0.000000000000e+00,1,6.317963000000e-04,400,blue
3.1,2.780000,2.780000,8.051308000000e-04,0.000000000000e+00,1,8.051308000000e-04,400,blue
3.1,2.790000,2.790000,9.999481000000e-04,0.000000000000e+00,1,9.999481000000e-04,400,blue
3.1,2.800000,2.800000,9.999488000000e-04,0.000000000000e+00,1,9.999488000000e-04,400,blue
3.1,2.810000,2.810000,9.999479000000e-04,0.000000000000e+00,1,9.999479000000e-04,400,blue
3.1,2.820000,2.820000,9.999481000000e-04,0.000000000000e+00,1,9.999481000000e-04,400,blue
3.1,2.830000,2.830000,9.999479000000e-04,0.000000000000e+00,1,9.999479000000e-04,400,blue
3.1,2.840000,2.840000,9.999478000000e-04,0.000000000000e+00,1,9.999478000000e-04,400,blue
3.1,2.850000,2.850000,9.999482000000e-04,0.000000000000e+00,1,9.999482000000e-04,400,blue
3.1,2.860000,2.860000,9.999478000000e-04,0.000000000000e+00,1,9.999478000000e-04,400,blue
3.1,2.870000,2.870000,9.999482000000e-04,0.000000000000e+00,1,9.999482000000e-04,400,blue
3.1,2.880000,2.880000,9.999475000000e-04,0.000000000000e+00,1,9.999475000000e-04,400,blue
3.1,2.890000,2.890000,9.999478000000e-04,0.000000000000e+00,1,9.999478000000e-04,400,blue
3.1,2.900000,2.900000,9.999479000000e-04,0.000000000000e+00,1,9.999479000000e-04,400,blue
3.1,2.910000,2.910000,9.999478000000e-04,0.000000000000e+00,1,9.999478000000e-04,400,blue
3.1,2.920000,2.920000,9.999485000000e-04,0.000000000000e+00,1,9.999485000000e-04,400,blue
3.1,2.930000,2.930000,9.999478000000e-04,0.000000000000e+00,1,9.999478000000e-04,400,blue
3.1,2.940000,2.940000,9.999480000000e-04,0.000000000000e+00,1,9.999480000000e-04,400,blue
3.1,2.950000,2.950000,9.999479000000e-04,0.000000000000e+00,1,9.999479000000e-04,400,blue
3.1,2.960000,2.960000,9.999480000000e-04,0.000000000000e+00,1,9.999480000000e-04,400,blue
3.1,2.970000,2.970000,9.999477000000e-04,0.000000000000e+00,1,9.999477000000e-04,400,blue
3.1,2.980000,2.980000,9.999477000000e-04,0.000000000000e+00,1,9.999477000000e-04,400,blue
3.1,2.990000,2.990000,9.999471000000e-04,0.000000000000e+00,1,9.999471000000e-04,400,blue
3.1,3.000000,3.000000,9.999475000000e-04,0.000000000000e+00,1,9.999475000000e-04,400,blue
3.1,1.000000,1.000000,-2.869442000000e-10,0.000000000000e+00,1,-2.869442000000e-10,550,blue
3.1,1.010000,1.010000,1.574069000000e-11,0.000000000000e+00,1,1.574069000000e-11,550,blue
3.1,1.020000,1.020000,-2.074241000000e-10,0.000000000000e+00,1,-2.074241000000e-10,550,blue
3.1,1.030000,1.030000,-3.362491000000e-10,0.000000000000e+00,1,-3.362491000000e-10,550,blue
3.1,1.040000,1.040000,-3.258402000000e-10,0.000000000000e+00,1,-3.258402000000e-10,550,blue
3.1,1.050000,1.050000,2.433662000000e-11,0.000000000000e+00,1,2.433662000000e-11,550,blue
3.1,1.060000,1.060000,-1.728263000000e-10,0.000000000000e+00,1,-1.728263000000e-10,550,blue
3.1,1.070000,1.070000,-1.746298000000e-12,0.000000000000e+00,1,-1.746298000000e-12,550,blue
3.1,1.080000,1.080000,-2.086883000000e-10,0.000000000000e+00,1,-2.086883000000e-10,550,blue
3.1,1.090000,1.090000,-4.003875000000e-10,0.000000000000e+00,1,-4.003875000000e-10,550,blue
3.1,1.100000,1.100000,-3.400417000000e-10,0.000000000000e+00,1,-3.400417000000e-10,550,blue
3.1,1.110000,1.110000,4.713287000000e-11,0.000000000000e+00,1,4.713287000000e-11,550,blue
3.1,1.120000,1.120000,-2.955829000000e-10,0.000000000000e+00,1,-2.955829000000e-10,550,blue
3.1,1.130000,1.130000,-3.836575000000e-10,0.000000000000e+00,1,-3.836575000000e-10,550,blue
3.1,1.140000,1.140000,9.078706000000e-11,0.000000000000e+00,1,9.078706000000e-11,550,blue
3.1,1.150000,1.150000,-9.461677000000e-11,0.000000000000e+00,1,-9.461677000000e-11,550,blue
3.1,1.160000,1.160000,-4.106699000000e-10,0.000000000000e+00,1,-4.106699000000e-10,550,blue
3.1,1.170000,1.170000,-1.309812000000e-10,0.000000000000e+00,1,-1.309812000000e-10,550,blue
3.1,1.180000,1.180000,-8.353469000000e-11,0.000000000000e+00,1,-8.353469000000e-11,550,blue
3.1,1.190000,1.190000,-3.308548000000e-10,0.000000000000e+00,1,-3.308548000000e-10,550,blue
3.1,1.200000,1.200000,-4.212893000000e-10,0.000000000000e+00,1,-4.212893000000e-10,550,blue
3.1,1.210000,1.210000,-1.337201000000e-10,0.000000000000e+00,1,-1.337201000000e-10,550,blue
3.1,1.220000,1.220000,1.203246000000e-12,0.000000000000e+00,1,1.203246000000e-12,550,blue
3.1,1.230000,1.230000,-2.925487000000e-10,0.000000000000e+00,1,-2.925487000000e-10,550,blue
3.1,1.240000,1.240000,2.804466000000e-11,0.000000000000e+00,1,2.804466000000e-11,550,blue
3.1,1.250000,1.250000,-3.772098000000e-10,0.000000000000e+00,1,-3.772098000000e-10,550,blue
3.1,1.260000,1.260000,-2.013136000000e-10,0.000000000000e+00,1,-2.013136000000e-10,550,blue
3.1,1.270000,1.270000,-7.051432000000e-11,0.000000000000e+00,1,-7.051432000000e-11,550,blue
3.1,1.280000,1.280000,-3.878294000000e-10,0.000000000000e+00,1,-3.878294000000e-10,550,blue
3.1,1.290000,1.290000,-1.325403000000e-10,0.000000000000e+00,1,-1.325403000000e-10,550,blue
3.1,1.300000,1.300000,-2.504885000000e-12,0.000000000000e+00,1,-2.504885000000e-12,550,blue
3.1,1.310000,1.310000,4.140210000000e-11,0.000000000000e+00,1,4.140210000000e-11,550,blue
3.1,1.320000,1.320000,-6.718547000000e-11,0.000000000000e+00,1,-6.718547000000e-11,550,blue
3.1,1.330000,1.330000,-3.327933000000e-10,0.000000000000e+00,1,-3.327933000000e-10,550,blue
3.1,1.340000,1.340000,-3.649047000000e-10,0.000000000000e+00,1,-3.649047000000e-10,550,blue
3.1,1.350000,1.350000,-2.326664000000e-10,0.000000000000e+00,1,-2.326664000000e-10,550,blue
3.1,1.360000,1.360000,3.112059000000e-11,0.000000000000e+00,1,3.112059000000e-11,550,blue
3.1,1.370000,1.370000,-6.166553000000e-11,0.000000000000e+00,1,-6.166553000000e-11,550,blue
3.1,1.380000,1.380000,-3.335517000000e-10,0.000000000000e+00,1,-3.335517000000e-10,550,blue
3.1,1.390000,1.390000,-2.029992000000e-10,0.000000000000e+00,1,-2.029992000000e-10,550,blue
3.1,1.400000,1.400000,-7.670851000000e-11,0.000000000000e+00,1,-7.670851000000e-11,550,blue
3.1,1.410000,1.410000,-2.888281000000e-11,0.000000000000e+00,1,-2.888281000000e-11,550,blue
3.1,1.420000,1.420000,-3.273149000000e-10,0.000000000000e+00,1,-3.273149000000e-10,550,blue
3.1,1.430000,1.430000,-4.375723000000e-11,0.000000000000e+00,1,-4.375723000000e-11,550,blue
3.1,1.440000,1.440000,-9.149866000000e-11,0.000000000000e+00,1,-9.149866000000e-11,550,blue
3.1,1.450000,1.450000,-2.857218000000e-10,0.000000000000e+00,1,-2.857218000000e-10,550,blue
3.1,1.460000,1.460000,-2.026199000000e-10,0.000000000000e+00,1,-2.026199000000e-10,550,blue
3.1,1.470000,1.470000,-7.156781000000e-11,0.000000000000e+00,1,-7.156781000000e-11,550,blue
3.1,1.480000,1.480000,-2.258817000000e-10,0.000000000000e+00,1,-2.258817000000e-10,550,blue
3.1,1.490000,1.490000,-1.660837000000e-10,0.000000000000e+00,1,-1.660837000000e-10,550,blue
3.1,1.500000,1.500000,-7.198916000000e-11,0.000000000000e+00,1,-7.198916000000e-11,550,blue
3.1,1.510000,1.510000,-1.690757000000e-10,0.000000000000e+00,1,-1.690757000000e-10,550,blue
3.1,1.520000,1.520000,-2.181699000000e-10,0.000000000000e+00,1,-2.181699000000e-10,550,blue
3.1,1.530000,1.530000,-1.311498000000e-10,0.000000000000e+00,1,-1.311498000000e-10,550,blue
3.1,1.540000,1.540000,-2.021142000000e-10,0.000000000000e+00,1,-2.021142000000e-10,550,blue
3.1,1.550000,1.550000,-1.373861000000e-10,0.000000000000e+00,1,-1.373861000000e-10,550,blue
3.1,1.560000,1.560000,-1.606054000000e-10,0.000000000000e+00,1,-1.606054000000e-10,550,blue
3.1,1.570000,1.570000,-1.464461000000e-10,0.000000000000e+00,1,-1.464461000000e-10,550,blue
3.1,1.580000,1.580000,-1.598047000000e-10,0.000000000000e+00,1,-1.598047000000e-10,550,blue
3.1,1.590000,1.590000,-1.324139000000e-10,0.000000000000e+00,1,-1.324139000000e-10,550,blue
3.1,1.600000,1.600000,-1.279473000000e-10,0.000000000000e+00,1,-1.279473000000e-10,550,blue
3.1,1.610000,1.610000,-1.313183000000e-10,0.000000000000e+00,1,-1.313183000000e-10,550,blue
3.1,1.620000,1.620000,-8.694789000000e-11,0.000000000000e+00,1,-8.694789000000e-11,550,blue
3.1,1.630000,1.630000,-1.073001000000e-10,0.000000000000e+00,1,-1.073001000000e-10,550,blue
3.1,1.640000,1.640000,-9.706083000000e-11,0.000000000000e+00,1,-9.706083000000e-11,550,blue
3.1,1.650000,1.650000,-6.461518000000e-11,0.000000000000e+00,1,-6.461518000000e-11,550,blue
3.1,1.660000,1.660000,3.562692000000e-12,0.000000000000e+00,1,3.562692000000e-12,550,blue
3.1,1.670000,1.670000,-1.990771000000e-11,0.000000000000e+00,1,-1.990771000000e-11,550,blue
3.1,1.680000,1.680000,-2.294373000000e-12,0.000000000000e+00,1,-2.294373000000e-12,550,blue
3.1,1.690000,1.690000,5.290518000000e-11,0.000000000000e+00,1,5.290518000000e-11,550,blue
3.1,1.700000,1.700000,9.365192000000e-11,0.000000000000e+00,1,9.365192000000e-11,550,blue
3.1,1.710000,1.710000,2.053994000000e-10,0.000000000000e+00,1,2.053994000000e-10,550,blue
3.1,1.720000,1.720000,2.676782000000e-10,0.000000000000e+00,1,2.676782000000e-10,550,blue
3.1,1.730000,1.730000,4.023485000000e-10,0.000000000000e+00,1,4.023485000000e-10,550,blue
3.1,1.740000,1.740000,5.356700000000e-10,0.000000000000e+00,1,5.356700000000e-10,550,blue
3.1,1.750000,1.750000,7.120570000000e-10,0.000000000000e+00,1,7.120570000000e-10,550,blue
3.1,1.760000,1.760000,8.686795000000e-10,0.000000000000e+00,1,8.686795000000e-10,550,blue
3.1,1.770000,1.770000,1.214710000000e-09,0.000000000000e+00,1,1.214710000000e-09,550,blue
3.1,1.780000,1.780000,1.630814000000e-09,0.000000000000e+00,1,1.630814000000e-09,550,blue
3.1,1.790000,1.790000,2.034952000000e-09,0.000000000000e+00,1,2.034952000000e-09,550,blue
3.1,1.800000,1.800000,2.705184000000e-09,0.000000000000e+00,1,2.705184000000e-09,550,blue
3.1,1.810000,1.810000,3.519146000000e-09,0.000000000000e+00,1,3.519146000000e-09,550,blue
3.1,1.820000,1.820000,4.498331000000e-09,0.000000000000e+00,1,4.498331000000e-09,550,blue
3.1,1.830000,1.830000,5.970474000000e-09,0.000000000000e+00,1,5.970474000000e-09,550,blue
3.1,1.840000,1.840000,7.842455000000e-09,0.000000000000e+00,1,7.842455000000e-09,550,blue
3.1,1.850000,1.850000,1.023137000000e-08,0.000000000000e+00,1,1.023137000000e-08,550,blue
3.1,1.860000,1.860000,1.350471000000e-08,0.000000000000e+00,1,1.350471000000e-08,550,blue
3.1,1.870000,1.870000,1.792793000000e-08,0.000000000000e+00,1,1.792793000000e-08,550,blue
3.1,1.880000,1.880000,2.364892000000e-08,0.000000000000e+00,1,2.364892000000e-08,550,blue
3.1,1.890000,1.890000,3.174055000000e-08,0.000000000000e+00,1,3.174055000000e-08,550,blue
3.1,1.900000,1.900000,4.237273000000e-08,0.000000000000e+00,1,4.237273000000e-08,550,blue
3.1,1.910000,1.910000,5.676527000000e-08,0.000000000000e+00,1,5.676527000000e-08,550,blue
3.1,1.920000,1.920000,7.681246000000e-08,0.000000000000e+00,1,7.681246000000e-08,550,blue
3.1,1.930000,1.930000,1.034132000000e-07,0.000000000000e+00,1,1.034132000000e-07,550,blue
3.1,1.940000,1.940000,1.393382000000e-07,0.000000000000e+00,1,1.393382000000e-07,550,blue
3.1,1.950000,1.950000,1.896438000000e-07,0.000000000000e+00,1,1.896438000000e-07,550,blue
3.1,1.960000,1.960000,2.557042000000e-07,0.000000000000e+00,1,2.557042000000e-07,550,blue
3.1,1.970000,1.970000,3.488016000000e-07,0.000000000000e+00,1,3.488016000000e-07,550,blue
3.1,1.980000,1.980000,4.703222000000e-07,0.000000000000e+00,1,4.703222000000e-07,550,blue
3.1,1.990000,1.990000,6.333375000000e-07,0.000000000000e+00,1,6.333375000000e-07,550,blue
3.1,2.000000,2.000000,8.599124000000e-07,0.000000000000e+00,1,8.599124000000e-07,550,blue
3.1,2.010000,2.010000,1.139824000000e-06,0.000000000000e+00,1,1.139824000000e-06,550,blue
3.1,2.020000,2.020000,1.516624000000e-06,0.000000000000e+00,1,1.516624000000e-06,550,blue
3.1,2.030000,2.030000,2.023752000000e-06,0.000000000000e+00,1,2.023752000000e-06,550,blue
3.1,2.040000,2.040000,2.658201000000e-06,0.000000000000e+00,1,2.658201000000e-06,550,blue
3.1,2.050000,2.050000,3.460952000000e-06,0.000000000000e+00,1,3.460952000000e-06,550,blue
3.1,2.060000,2.060000,4.504883000000e-06,0.000000000000e+00,1,4.504883000000e-06,550,blue
3.1,2.070000,2.070000,5.754746000000e-06,0.000000000000e+00,1,5.754746000000e-06,550,blue
3.1,2.080000,2.080000,7.327157000000e-06,0.000000000000e+00,1,7.327157000000e-06,550,blue
3.1,2.090000,2.090000,9.152030000000e-06,0.000000000000e+00,1,9.152030000000e-06,550,blue
3.1,2.100000,2.100000,1.121958000000e-05,0.000000000000e+00,1,1.121958000000e-05,550,blue
3.1,2.110000,2.110000,1.376522000000e-05,0.000000000000e+00,1,1.376522000000e-05,550,blue
3.1,2.120000,2.120000,1.657610000000e-05,0.000000000000e+00,1,1.657610000000e-05,550,blue
3.1,2.130000,2.130000,1.973683000000e-05,0.000000000000e+00,1,1.973683000000e-05,550,blue
3.1,2.140000,2.140000,2.337645000000e-05,0.000000000000e+00,1,2.337645000000e-05,550,blue
3.1,2.150000,2.150000,2.724647000000e-05,0.000000000000e+00,1,2.724647000000e-05,550,blue
3.1,2.160000,2.160000,3.144290000000e-05,0.000000000000e+00,1,3.144290000000e-05,550,blue
3.1,2.170000,2.170000,3.612003000000e-05,0.000000000000e+00,1,3.612003000000e-05,550,blue
3.1,2.180000,2.180000,4.095936000000e-05,0.000000000000e+00,1,4.095936000000e-05,550,blue
3.1,2.190000,2.190000,4.625114000000e-05,0.000000000000e+00,1,4.625114000000e-05,550,blue
3.1,2.200000,2.200000,5.164135000000e-05,0.000000000000e+00,1,5.164135000000e-05,550,blue
3.1,2.210000,2.210000,5.728067000000e-05,0.000000000000e+00,1,5.728067000000e-05,550,blue
3.1,2.220000,2.220000,6.334826000000e-05,0.000000000000e+00,1,6.334826000000e-05,550,blue
3.1,2.230000,2.230000,6.944709000000e-05,0.000000000000e+00,1,6.944709000000e-05,550,blue
3.1,2.240000,2.240000,7.573753000000e-05,0.000000000000e+00,1,7.573753000000e-05,550,blue
3.1,2.250000,2.250000,8.242084000000e-05,0.000000000000e+00,1,8.242084000000e-05,550,blue
3.1,2.260000,2.260000,8.906017000000e-05,0.000000000000e+00,1,8.906017000000e-05,550,blue
3.1,2.270000,2.270000,9.586719000000e-05,0.000000000000e+00,1,9.586719000000e-05,550,blue
3.1,2.280000,2.280000,1.030266000000e-04,0.000000000000e+00,1,1.030266000000e-04,550,blue
3.1,2.290000,2.290000,1.098027000000e-04,0.000000000000e+00,1,1.098027000000e-04,550,blue
3.1,2.300000,2.300000,1.170089000000e-04,0.000000000000e+00,1,1.170089000000e-04,550,blue
3.1,2.310000,2.310000,1.245394000000e-04,0.000000000000e+00,1,1.245394000000e-04,550,blue
3.1,2.320000,2.320000,1.319350000000e-04,0.000000000000e+00,1,1.319350000000e-04,550,blue
3.1,2.330000,2.330000,1.396716000000e-04,0.000000000000e+00,1,1.396716000000e-04,550,blue
3.1,2.340000,2.340000,1.472489000000e-04,0.000000000000e+00,1,1.472489000000e-04,550,blue
3.1,2.350000,2.350000,1.549125000000e-04,0.000000000000e+00,1,1.549125000000e-04,550,blue
3.1,2.360000,2.360000,1.629004000000e-04,0.000000000000e+00,1,1.629004000000e-04,550,blue
3.1,2.370000,2.370000,1.707188000000e-04,0.000000000000e+00,1,1.707188000000e-04,550,blue
3.1,2.380000,2.380000,1.785910000000e-04,0.000000000000e+00,1,1.785910000000e-04,550,blue
3.1,2.390000,2.390000,1.867970000000e-04,0.000000000000e+00,1,1.867970000000e-04,550,blue
3.1,2.400000,2.400000,1.947916000000e-04,0.000000000000e+00,1,1.947916000000e-04,550,blue
3.1,2.410000,2.410000,2.028432000000e-04,0.000000000000e+00,1,2.028432000000e-04,550,blue
3.1,2.420000,2.420000,2.112210000000e-04,0.000000000000e+00,1,2.112210000000e-04,550,blue
3.1,2.430000,2.430000,2.193804000000e-04,0.000000000000e+00,1,2.193804000000e-04,550,blue
3.1,2.440000,2.440000,2.278608000000e-04,0.000000000000e+00,1,2.278608000000e-04,550,blue
3.1,2.450000,2.450000,2.360953000000e-04,0.000000000000e+00,1,2.360953000000e-04,550,blue
3.1,2.460000,2.460000,2.443849000000e-04,0.000000000000e+00,1,2.443849000000e-04,550,blue
3.1,2.470000,2.470000,2.529818000000e-04,0.000000000000e+00,1,2.529818000000e-04,550,blue
3.1,2.480000,2.480000,2.613438000000e-04,0.000000000000e+00,1,2.613438000000e-04,550,blue
3.1,2.490000,2.490000,2.697319000000e-04,0.000000000000e+00,1,2.697319000000e-04,550,blue
3.1,2.500000,2.500000,2.784490000000e-04,0.000000000000e+00,1,2.784490000000e-04,550,blue
3.1,2.510000,2.510000,2.869203000000e-04,0.000000000000e+00,1,2.869203000000e-04,550,blue
3.1,2.520000,2.520000,2.954116000000e-04,0.000000000000e+00,1,2.954116000000e-04,550,blue
3.1,2.530000,2.530000,3.042164000000e-04,0.000000000000e+00,1,3.042164000000e-04,550,blue
3.1,2.540000,2.540000,3.127675000000e-04,0.000000000000e+00,1,3.127675000000e-04,550,blue
3.1,2.550000,2.550000,3.213414000000e-04,0.000000000000e+00,1,3.213414000000e-04,550,blue
3.1,2.560000,2.560000,3.302298000000e-04,0.000000000000e+00,1,3.302298000000e-04,550,blue
3.1,2.570000,2.570000,3.388495000000e-04,0.000000000000e+00,1,3.388495000000e-04,550,blue
3.1,2.580000,2.580000,3.477814000000e-04,0.000000000000e+00,1,3.477814000000e-04,550,blue
3.1,2.590000,2.590000,3.564532000000e-04,0.000000000000e+00,1,3.564532000000e-04,550,blue
3.1,2.600000,2.600000,3.651447000000e-04,0.000000000000e+00,1,3.651447000000e-04,550,blue
3.1,2.610000,2.610000,3.741515000000e-04,0.000000000000e+00,1,3.741515000000e-04,550,blue
3.1,2.620000,2.620000,3.828785000000e-04,0.000000000000e+00,1,3.828785000000e-04,550,blue
3.1,2.630000,2.630000,3.916228000000e-04,0.000000000000e+00,1,3.916228000000e-04,550,blue
3.1,2.640000,2.640000,4.007093000000e-04,0.000000000000e+00,1,4.007093000000e-04,550,blue
3.1,2.650000,2.650000,4.094996000000e-04,0.000000000000e+00,1,4.094996000000e-04,550,blue
3.1,2.660000,2.660000,4.183050000000e-04,0.000000000000e+00,1,4.183050000000e-04,550,blue
3.1,2.670000,2.670000,4.274243000000e-04,0.000000000000e+00,1,4.274243000000e-04,550,blue
3.1,2.680000,2.680000,4.362713000000e-04,0.000000000000e+00,1,4.362713000000e-04,550,blue
3.1,2.690000,2.690000,4.454223000000e-04,0.000000000000e+00,1,4.454223000000e-04,550,blue
3.1,2.700000,2.700000,4.542946000000e-04,0.000000000000e+00,1,4.542946000000e-04,550,blue
3.1,2.710000,2.710000,4.631664000000e-04,0.000000000000e+00,1,4.631664000000e-04,550,blue
3.1,2.720000,2.720000,4.723502000000e-04,0.000000000000e+00,1,4.723502000000e-04,550,blue
3.1,2.730000,2.730000,4.812666000000e-04,0.000000000000e+00,1,4.812666000000e-04,550,blue
3.1,1.000000,1.000000,-6.592245000000e-11,0.000000000000e+00,1,-6.592245000000e-11,600,blue
3.1,1.010000,1.010000,-1.145059000000e-10,0.000000000000e+00,1,-1.145059000000e-10,600,blue
3.1,1.020000,1.020000,-2.455179000000e-10,0.000000000000e+00,1,-2.455179000000e-10,600,blue
3.1,1.030000,1.030000,-2.931785000000e-10,0.000000000000e+00,1,-2.931785000000e-10,600,blue
3.1,1.040000,1.040000,-4.451708000000e-11,0.000000000000e+00,1,-4.451708000000e-11,600,blue
3.1,1.050000,1.050000,8.741254000000e-11,0.000000000000e+00,1,8.741254000000e-11,600,blue
3.1,1.060000,1.060000,-2.929258000000e-10,0.000000000000e+00,1,-2.929258000000e-10,600,blue
3.1,1.070000,1.070000,4.445624000000e-12,0.000000000000e+00,1,4.445624000000e-12,600,blue
3.1,1.080000,1.080000,-5.610468000000e-11,0.000000000000e+00,1,-5.610468000000e-11,600,blue
3.1,1.090000,1.090000,-2.266811000000e-10,0.000000000000e+00,1,-2.266811000000e-10,600,blue
3.1,1.100000,1.100000,-1.284532000000e-10,0.000000000000e+00,1,-1.284532000000e-10,600,blue
3.1,1.110000,1.110000,5.875955000000e-11,0.000000000000e+00,1,5.875955000000e-11,600,blue
3.1,1.120000,1.120000,-2.259226000000e-10,0.000000000000e+00,1,-2.259226000000e-10,600,blue
3.1,1.130000,1.130000,2.913760000000e-11,0.000000000000e+00,1,2.913760000000e-11,600,blue
3.1,1.140000,1.140000,2.042150000000e-10,0.000000000000e+00,1,2.042150000000e-10,600,blue
3.1,1.150000,1.150000,-1.263463000000e-10,0.000000000000e+00,1,-1.263463000000e-10,600,blue
3.1,1.160000,1.160000,-1.392596000000e-11,0.000000000000e+00,1,-1.392596000000e-11,600,blue
3.1,1.170000,1.170000,4.157403000000e-10,0.000000000000e+00,1,4.157403000000e-10,600,blue
3.1,1.180000,1.180000,3.773540000000e-10,0.000000000000e+00,1,3.773540000000e-10,600,blue
3.1,1.190000,1.190000,1.864754000000e-10,0.000000000000e+00,1,1.864754000000e-10,600,blue
3.1,1.200000,1.200000,2.449188000000e-10,0.000000000000e+00,1,2.449188000000e-10,600,blue
3.1,1.210000,1.210000,4.848446000000e-10,0.000000000000e+00,1,4.848446000000e-10,600,blue
3.1,1.220000,1.220000,9.041031000000e-10,0.000000000000e+00,1,9.041031000000e-10,600,blue
3.1,1.230000,1.230000,9.691611000000e-10,0.000000000000e+00,1,9.691611000000e-10,600,blue
3.1,1.240000,1.240000,1.000132000000e-09,0.000000000000e+00,1,1.000132000000e-09,600,blue
3.1,1.250000,1.250000,1.575084000000e-09,0.000000000000e+00,1,1.575084000000e-09,600,blue
3.1,1.260000,1.260000,1.867428000000e-09,0.000000000000e+00,1,1.867428000000e-09,600,blue
3.1,1.270000,1.270000,2.070821000000e-09,0.000000000000e+00,1,2.070821000000e-09,600,blue
3.1,1.280000,1.280000,2.958596000000e-09,0.000000000000e+00,1,2.958596000000e-09,600,blue
3.1,1.290000,1.290000,3.469839000000e-09,0.000000000000e+00,1,3.469839000000e-09,600,blue
3.1,1.300000,1.300000,3.640827000000e-09,0.000000000000e+00,1,3.640827000000e-09,600,blue
3.1,1.310000,1.310000,4.840115000000e-09,0.000000000000e+00,1,4.840115000000e-09,600,blue
3.1,1.320000,1.320000,5.744914000000e-09,0.000000000000e+00,1,5.744914000000e-09,600,blue
3.1,1.330000,1.330000,6.999534000000e-09,0.000000000000e+00,1,6.999534000000e-09,600,blue
3.1,1.340000,1.340000,8.706605000000e-09,0.000000000000e+00,1,8.706605000000e-09,600,blue
3.1,1.350000,1.350000,1.063245000000e-08,0.000000000000e+00,1,1.063245000000e-08,600,blue
3.1,1.360000,1.360000,1.286270000000e-08,0.000000000000e+00,1,1.286270000000e-08,600,blue
3.1,1.370000,1.370000,1.565323000000e-08,0.000000000000e+00,1,1.565323000000e-08,600,blue
3.1,1.380000,1.380000,1.911867000000e-08,0.000000000000e+00,1,1.911867000000e-08,600,blue
3.1,1.390000,1.390000,2.332540000000e-08,0.000000000000e+00,1,2.332540000000e-08,600,blue
3.1,1.400000,1.400000,2.830780000000e-08,0.000000000000e+00,1,2.830780000000e-08,600,blue
3.1,1.410000,1.410000,3.456032000000e-08,0.000000000000e+00,1,3.456032000000e-08,600,blue
3.1,1.420000,1.420000,4.232524000000e-08,0.000000000000e+00,1,4.232524000000e-08,600,blue
3.1,1.430000,1.430000,5.144854000000e-08,0.000000000000e+00,1,5.144854000000e-08,600,blue
3.1,1.440000,1.440000,6.275153000000e-08,0.000000000000e+00,1,6.275153000000e-08,600,blue
3.1,1.450000,1.450000,7.677545000000e-08,0.000000000000e+00,1,7.677545000000e-08,600,blue
3.1,1.460000,1.460000,9.380587000000e-08,0.000000000000e+00,1,9.380587000000e-08,600,blue
3.1,1.470000,1.470000,1.147301000000e-07,0.000000000000e+00,1,1.147301000000e-07,600,blue
3.1,1.480000,1.480000,1.396171000000e-07,0.000000000000e+00,1,1.396171000000e-07,600,blue
3.1,1.490000,1.490000,1.708302000000e-07,0.000000000000e+00,1,1.708302000000e-07,600,blue
3.1,1.500000,1.500000,2.095632000000e-07,0.000000000000e+00,1,2.095632000000e-07,600,blue
3.1,1.510000,1.510000,2.558674000000e-07,0.000000000000e+00,1,2.558674000000e-07,600,blue
3.1,1.520000,1.520000,3.124310000000e-07,0.000000000000e+00,1,3.124310000000e-07,600,blue
3.1,1.530000,1.530000,3.841708000000e-07,0.000000000000e+00,1,3.841708000000e-07,600,blue
3.1,1.540000,1.540000,4.691574000000e-07,0.000000000000e+00,1,4.691574000000e-07,600,blue
3.1,1.550000,1.550000,5.738173000000e-07,0.000000000000e+00,1,5.738173000000e-07,600,blue
3.1,1.560000,1.560000,7.062902000000e-07,0.000000000000e+00,1,7.062902000000e-07,600,blue
3.1,1.570000,1.570000,8.589586000000e-07,0.000000000000e+00,1,8.589586000000e-07,600,blue
3.1,1.580000,1.580000,1.055971000000e-06,0.000000000000e+00,1,1.055971000000e-06,600,blue
3.1,1.590000,1.590000,1.288439000000e-06,0.000000000000e+00,1,1.288439000000e-06,600,blue
3.1,1.600000,1.600000,1.571038000000e-06,0.000000000000e+00,1,1.571038000000e-06,600,blue
3.1,1.610000,1.610000,1.925983000000e-06,0.000000000000e+00,1,1.925983000000e-06,600,blue
3.1,1.620000,1.620000,2.341301000000e-06,0.000000000000e+00,1,2.341301000000e-06,600,blue
3.1,1.630000,1.630000,2.840415000000e-06,0.000000000000e+00,1,2.840415000000e-06,600,blue
3.1,1.640000,1.640000,3.458205000000e-06,0.000000000000e+00,1,3.458205000000e-06,600,blue
3.1,1.650000,1.650000,4.171645000000e-06,0.000000000000e+00,1,4.171645000000e-06,600,blue
3.1,1.660000,1.660000,5.016108000000e-06,0.000000000000e+00,1,5.016108000000e-06,600,blue
3.1,1.670000,1.670000,6.046551000000e-06,0.000000000000e+00,1,6.046551000000e-06,600,blue
3.1,1.680000,1.680000,7.213886000000e-06,0.000000000000e+00,1,7.213886000000e-06,600,blue
3.1,1.690000,1.690000,8.572896000000e-06,0.000000000000e+00,1,8.572896000000e-06,600,blue
3.1,1.700000,1.700000,1.020019000000e-05,0.000000000000e+00,1,1.020019000000e-05,600,blue
3.1,1.710000,1.710000,1.194661000000e-05,0.000000000000e+00,1,1.194661000000e-05,600,blue
3.1,1.720000,1.720000,1.407254000000e-05,0.000000000000e+00,1,1.407254000000e-05,600,blue
3.1,1.730000,1.730000,1.640990000000e-05,0.000000000000e+00,1,1.640990000000e-05,600,blue
3.1,1.740000,1.740000,1.903233000000e-05,0.000000000000e+00,1,1.903233000000e-05,600,blue
3.1,1.750000,1.750000,2.206569000000e-05,0.000000000000e+00,1,2.206569000000e-05,600,blue
3.1,1.760000,1.760000,2.531427000000e-05,0.000000000000e+00,1,2.531427000000e-05,600,blue
3.1,1.770000,1.770000,2.887758000000e-05,0.000000000000e+00,1,2.887758000000e-05,600,blue
3.1,1.780000,1.780000,3.289336000000e-05,0.000000000000e+00,1,3.289336000000e-05,600,blue
3.1,1.790000,1.790000,3.708469000000e-05,0.000000000000e+00,1,3.708469000000e-05,600,blue
3.1,1.800000,1.800000,4.159672000000e-05,0.000000000000e+00,1,4.159672000000e-05,600,blue
3.1,1.810000,1.810000,4.655671000000e-05,0.000000000000e+00,1,4.655671000000e-05,600,blue
3.1,1.820000,1.820000,5.164334000000e-05,0.000000000000e+00,1,5.164334000000e-05,600,blue
3.1,1.830000,1.830000,5.718473000000e-05,0.000000000000e+00,1,5.718473000000e-05,600,blue
3.1,1.840000,1.840000,6.280194000000e-05,0.000000000000e+00,1,6.280194000000e-05,600,blue
3.1,1.850000,1.850000,6.865570000000e-05,0.000000000000e+00,1,6.865570000000e-05,600,blue
3.1,1.860000,1.860000,7.492697000000e-05,0.000000000000e+00,1,7.492697000000e-05,600,blue
3.1,1.870000,1.870000,8.121524000000e-05,0.000000000000e+00,1,8.121524000000e-05,600,blue
3.1,1.880000,1.880000,8.769354000000e-05,0.000000000000e+00,1,8.769354000000e-05,600,blue
3.1,1.890000,1.890000,9.457148000000e-05,0.000000000000e+00,1,9.457148000000e-05,600,blue
3.1,1.900000,1.900000,1.014001000000e-04,0.000000000000e+00,1,1.014001000000e-04,600,blue
3.1,1.910000,1.910000,1.081044000000e-04,0.000000000000e+00,1,1.081044000000e-04,600,blue
3.1,1.920000,1.920000,1.154806000000e-04,0.000000000000e+00,1,1.154806000000e-04,600,blue
3.1,1.930000,1.930000,1.227204000000e-04,0.000000000000e+00,1,1.227204000000e-04,600,blue
3.1,1.940000,1.940000,1.300895000000e-04,0.000000000000e+00,1,1.300895000000e-04,600,blue
3.1,1.950000,1.950000,1.378269000000e-04,0.000000000000e+00,1,1.378269000000e-04,600,blue
3.1,1.960000,1.960000,1.453899000000e-04,0.000000000000e+00,1,1.453899000000e-04,600,blue
3.1,1.970000,1.970000,1.533485000000e-04,0.000000000000e+00,1,1.533485000000e-04,600,blue
3.1,1.980000,1.980000,1.611334000000e-04,0.000000000000e+00,1,1.611334000000e-04,600,blue
3.1,1.990000,1.990000,1.690069000000e-04,0.000000000000e+00,1,1.690069000000e-04,600,blue
3.1,2.000000,2.000000,1.772359000000e-04,0.000000000000e+00,1,1.772359000000e-04,600,blue
3.1,2.010000,2.010000,1.852658000000e-04,0.000000000000e+00,1,1.852658000000e-04,600,blue
3.1,2.020000,2.020000,1.933808000000e-04,0.000000000000e+00,1,1.933808000000e-04,600,blue
3.1,2.030000,2.030000,2.018214000000e-04,0.000000000000e+00,1,2.018214000000e-04,600,blue
3.1,2.040000,2.040000,2.100539000000e-04,0.000000000000e+00,1,2.100539000000e-04,600,blue
3.1,2.050000,2.050000,2.183455000000e-04,0.000000000000e+00,1,2.183455000000e-04,600,blue
3.1,2.060000,2.060000,2.269867000000e-04,0.000000000000e+00,1,2.269867000000e-04,600,blue
3.1,2.070000,2.070000,2.353836000000e-04,0.000000000000e+00,1,2.353836000000e-04,600,blue
3.1,2.080000,2.080000,2.441192000000e-04,0.000000000000e+00,1,2.441192000000e-04,600,blue
3.1,2.090000,2.090000,2.526330000000e-04,0.000000000000e+00,1,2.526330000000e-04,600,blue
3.1,2.100000,2.100000,2.611775000000e-04,0.000000000000e+00,1,2.611775000000e-04,600,blue
3.1,2.110000,2.110000,2.700476000000e-04,0.000000000000e+00,1,2.700476000000e-04,600,blue
3.1,2.120000,2.120000,2.786758000000e-04,0.000000000000e+00,1,2.786758000000e-04,600,blue
3.1,2.130000,2.130000,2.873271000000e-04,0.000000000000e+00,1,2.873271000000e-04,600,blue
3.1,2.140000,2.140000,2.963169000000e-04,0.000000000000e+00,1,2.963169000000e-04,600,blue
3.1,2.150000,2.150000,3.050609000000e-04,0.000000000000e+00,1,3.050609000000e-04,600,blue
3.1,2.160000,2.160000,3.138241000000e-04,0.000000000000e+00,1,3.138241000000e-04,600,blue
3.1,2.170000,2.170000,3.229244000000e-04,0.000000000000e+00,1,3.229244000000e-04,600,blue
3.1,2.180000,2.180000,3.317537000000e-04,0.000000000000e+00,1,3.317537000000e-04,600,blue
3.1,2.190000,2.190000,3.408982000000e-04,0.000000000000e+00,1,3.408982000000e-04,600,blue
3.1,2.200000,2.200000,3.497835000000e-04,0.000000000000e+00,1,3.497835000000e-04,600,blue
3.1,2.210000,2.210000,3.586941000000e-04,0.000000000000e+00,1,3.586941000000e-04,600,blue
3.1,2.220000,2.220000,3.679166000000e-04,0.000000000000e+00,1,3.679166000000e-04,600,blue
3.1,2.230000,2.230000,3.768698000000e-04,0.000000000000e+00,1,3.768698000000e-04,600,blue
3.1,2.240000,2.240000,3.858516000000e-04,0.000000000000e+00,1,3.858516000000e-04,600,blue
3.1,2.250000,2.250000,3.951488000000e-04,0.000000000000e+00,1,3.951488000000e-04,600,blue
3.1,2.260000,2.260000,4.041901000000e-04,0.000000000000e+00,1,4.041901000000e-04,600,blue
3.1,2.270000,2.270000,4.132236000000e-04,0.000000000000e+00,1,4.132236000000e-04,600,blue
3.1,2.280000,2.280000,4.225842000000e-04,0.000000000000e+00,1,4.225842000000e-04,600,blue
3.1,2.290000,2.290000,4.316684000000e-04,0.000000000000e+00,1,4.316684000000e-04,600,blue
3.1,2.300000,2.300000,4.407708000000e-04,0.000000000000e+00,1,4.407708000000e-04,600,blue
3.1,2.310000,2.310000,4.501919000000e-04,0.000000000000e+00,1,4.501919000000e-04,600,blue
3.1,2.320000,2.320000,4.593268000000e-04,0.000000000000e+00,1,4.593268000000e-04,600,blue
3.1,2.330000,2.330000,4.687733000000e-04,0.000000000000e+00,1,4.687733000000e-04,600,blue
3.1,2.340000,2.340000,4.779488000000e-04,0.000000000000e+00,1,4.779488000000e-04,600,blue
3.1,2.350000,2.350000,4.871277000000e-04,0.000000000000e+00,1,4.871277000000e-04,600,blue
3.1,2.360000,2.360000,4.966159000000e-04,0.000000000000e+00,1,4.966159000000e-04,600,blue
3.1,2.370000,2.370000,5.058139000000e-04,0.000000000000e+00,1,5.058139000000e-04,600,blue
3.1,2.380000,2.380000,5.150266000000e-04,0.000000000000e+00,1,5.150266000000e-04,600,blue
3.1,2.390000,2.390000,5.245658000000e-04,0.000000000000e+00,1,5.245658000000e-04,600,blue
3.1,2.400000,2.400000,5.338117000000e-04,0.000000000000e+00,1,5.338117000000e-04,600,blue
3.1,2.410000,2.410000,5.430605000000e-04,0.000000000000e+00,1,5.430605000000e-04,600,blue
3.1,2.420000,2.420000,5.526331000000e-04,0.000000000000e+00,1,5.526331000000e-04,600,blue
3.1,2.430000,2.430000,5.619223000000e-04,0.000000000000e+00,1,5.619223000000e-04,600,blue
3.1,2.440000,2.440000,5.715230000000e-04,0.000000000000e+00,1,5.715230000000e-04,600,blue
3.1,2.450000,2.450000,5.808108000000e-04,0.000000000000e+00,1,5.808108000000e-04,600,blue
3.1,2.460000,2.460000,5.901239000000e-04,0.000000000000e+00,1,5.901239000000e-04,600,blue
3.1,2.470000,2.470000,5.997437000000e-04,0.000000000000e+00,1,5.997437000000e-04,600,blue
3.1,2.480000,2.480000,6.090688000000e-04,0.000000000000e+00,1,6.090688000000e-04,600,blue
3.1,2.490000,2.490000,6.184091000000e-04,0.000000000000e+00,1,6.184091000000e-04,600,blue
3.1,2.500000,2.500000,6.280683000000e-04,0.000000000000e+00,1,6.280683000000e-04,600,blue
3.1,2.510000,2.510000,6.374267000000e-04,0.000000000000e+00,1,6.374267000000e-04,600,blue
3.1,2.520000,2.520000,6.467938000000e-04,0.000000000000e+00,1,6.467938000000e-04,600,blue
3.1,2.530000,2.530000,6.564768000000e-04,0.000000000000e+00,1,6.564768000000e-04,600,blue
3.1,2.540000,2.540000,6.658578000000e-04,0.000000000000e+00,1,6.658578000000e-04,600,blue
3.1,2.550000,2.550000,6.752356000000e-04,0.000000000000e+00,1,6.752356000000e-04,600,blue
3.1,2.560000,2.560000,6.849509000000e-04,0.000000000000e+00,1,6.849509000000e-04,600,blue
3.1,2.570000,2.570000,6.943491000000e-04,0.000000000000e+00,1,6.943491000000e-04,600,blue
3.1,2.580000,2.580000,7.040770000000e-04,0.000000000000e+00,1,7.040770000000e-04,600,blue
3.1,2.590000,2.590000,7.134923000000e-04,0.000000000000e+00,1,7.134923000000e-04,600,blue
3.1,2.600000,2.600000,7.229212000000e-04,0.000000000000e+00,1,7.229212000000e-04,600,blue
3.1,2.610000,2.610000,7.326794000000e-04,0.000000000000e+00,1,7.326794000000e-04,600,blue
3.1,2.620000,2.620000,7.421044000000e-04,0.000000000000e+00,1,7.421044000000e-04,600,blue
3.1,2.630000,2.630000,7.515524000000e-04,0.000000000000e+00,1,7.515524000000e-04,600,blue
3.1,2.640000,2.640000,7.613496000000e-04,0.000000000000e+00,1,7.613496000000e-04,600,blue
3.1,2.650000,2.650000,7.708183000000e-04,0.000000000000e+00,1,7.708183000000e-04,600,blue
3.1,2.660000,2.660000,7.802863000000e-04,0.000000000000e+00,1,7.802863000000e-04,600,blue
3.1,2.670000,2.670000,7.900845000000e-04,0.000000000000e+00,1,7.900845000000e-04,600,blue
3.1,2.680000,2.680000,7.995745000000e-04,0.000000000000e+00,1,7.995745000000e-04,600,blue
3.1,2.690000,2.690000,8.093885000000e-04,0.000000000000e+00,1,8.093885000000e-04,600,blue
3.1,2.700000,2.700000,8.188800000000e-04,0.000000000000e+00,1,8.188800000000e-04,600,blue
3.1,2.710000,2.710000,8.283762000000e-04,0.000000000000e+00,1,8.283762000000e-04,600,blue
3.1,2.720000,2.720000,8.381891000000e-04,0.000000000000e+00,1,8.381891000000e-04,600,blue
3.1,0.500000,0.500000,-6.310860000000e-10,0.000000000000e+00,1,-6.310860000000e-10,730,blue
3.1,0.510000,0.510000,-1.733227000000e-11,0.000000000000e+00,1,-1.733227000000e-11,730,blue
3.1,0.520000,0.520000,-3.495735000000e-10,0.000000000000e+00,1,-3.495735000000e-10,730,blue
3.1,0.530000,0.530000,-5.968240000000e-10,0.000000000000e+00,1,-5.968240000000e-10,730,blue
3.1,0.540000,0.540000,-3.208322000000e-10,0.000000000000e+00,1,-3.208322000000e-10,730,blue
3.1,0.550000,0.550000,-3.144892000000e-11,0.000000000000e+00,1,-3.144892000000e-11,730,blue
3.1,0.560000,0.560000,-2.037181000000e-10,0.000000000000e+00,1,-2.037181000000e-10,730,blue
3.1,0.570000,0.570000,-4.738097000000e-10,0.000000000000e+00,1,-4.738097000000e-10,730,blue
3.1,0.580000,0.580000,-3.357928000000e-10,0.000000000000e+00,1,-3.357928000000e-10,730,blue
3.1,0.590000,0.590000,-8.214190000000e-11,0.000000000000e+00,1,-8.214190000000e-11,730,blue
3.1,0.600000,0.600000,-3.546727000000e-10,0.000000000000e+00,1,-3.546727000000e-10,730,blue
3.1,0.610000,0.610000,-5.426707000000e-10,0.000000000000e+00,1,-5.426707000000e-10,730,blue
3.1,0.620000,0.620000,-3.011937000000e-10,0.000000000000e+00,1,-3.011937000000e-10,730,blue
3.1,0.630000,0.630000,-8.542876000000e-11,0.000000000000e+00,1,-8.542876000000e-11,730,blue
3.1,0.640000,0.640000,-3.389956000000e-10,0.000000000000e+00,1,-3.389956000000e-10,730,blue
3.1,0.650000,0.650000,-4.978731000000e-10,0.000000000000e+00,1,-4.978731000000e-10,730,blue
3.1,0.660000,0.660000,-8.934768000000e-11,0.000000000000e+00,1,-8.934768000000e-11,730,blue
3.1,0.670000,0.670000,-1.268512000000e-10,0.000000000000e+00,1,-1.268512000000e-10,730,blue
3.1,0.680000,0.680000,-4.810581000000e-10,0.000000000000e+00,1,-4.810581000000e-10,730,blue
3.1,0.690000,0.690000,-9.318235000000e-11,0.000000000000e+00,1,-9.318235000000e-11,730,blue
3.1,0.700000,0.700000,-5.587265000000e-10,0.000000000000e+00,1,-5.587265000000e-10,730,blue
3.1,0.710000,0.710000,-8.825211000000e-11,0.000000000000e+00,1,-8.825211000000e-11,730,blue
3.1,0.720000,0.720000,-6.768833000000e-11,0.000000000000e+00,1,-6.768833000000e-11,730,blue
3.1,0.730000,0.730000,-5.532060000000e-10,0.000000000000e+00,1,-5.532060000000e-10,730,blue
3.1,0.740000,0.740000,-2.426998000000e-10,0.000000000000e+00,1,-2.426998000000e-10,730,blue
3.1,0.750000,0.750000,4.621761000000e-12,0.000000000000e+00,1,4.621761000000e-12,730,blue
3.1,0.760000,0.760000,-1.056554000000e-10,0.000000000000e+00,1,-1.056554000000e-10,730,blue
3.1,0.770000,0.770000,-5.493287000000e-10,0.000000000000e+00,1,-5.493287000000e-10,730,blue
3.1,0.780000,0.780000,-2.653303000000e-10,0.000000000000e+00,1,-2.653303000000e-10,730,blue
3.1,0.790000,0.790000,-1.731646000000e-10,0.000000000000e+00,1,-1.731646000000e-10,730,blue
3.1,0.800000,0.800000,-1.497756000000e-10,0.000000000000e+00,1,-1.497756000000e-10,730,blue
3.1,0.810000,0.810000,1.751994000000e-10,0.000000000000e+00,1,1.751994000000e-10,730,blue
3.1,0.820000,0.820000,-3.798060000000e-11,0.000000000000e+00,1,-3.798060000000e-11,730,blue
3.1,0.830000,0.830000,-1.346891000000e-10,0.000000000000e+00,1,-1.346891000000e-10,730,blue
3.1,0.840000,0.840000,3.750215000000e-10,0.000000000000e+00,1,3.750215000000e-10,730,blue
3.1,0.850000,0.850000,3.088638000000e-10,0.000000000000e+00,1,3.088638000000e-10,730,blue
3.1,0.860000,0.860000,1.067661000000e-10,0.000000000000e+00,1,1.067661000000e-10,730,blue
3.1,0.870000,0.870000,7.482028000000e-10,0.000000000000e+00,1,7.482028000000e-10,730,blue
3.1,0.880000,0.880000,9.398914000000e-10,0.000000000000e+00,1,9.398914000000e-10,730,blue
3.1,0.890000,0.890000,7.080437000000e-10,0.000000000000e+00,1,7.080437000000e-10,730,blue
3.1,0.900000,0.900000,1.321584000000e-09,0.000000000000e+00,1,1.321584000000e-09,730,blue
3.1,0.910000,0.910000,1.754265000000e-09,0.000000000000e+00,1,1.754265000000e-09,730,blue
3.1,0.920000,0.920000,2.020792000000e-09,0.000000000000e+00,1,2.020792000000e-09,730,blue
3.1,0.930000,0.930000,2.312476000000e-09,0.000000000000e+00,1,2.312476000000e-09,730,blue
3.1,0.940000,0.940000,3.427130000000e-09,0.000000000000e+00,1,3.427130000000e-09,730,blue
3.1,0.950000,0.950000,3.748986000000e-09,0.000000000000e+00,1,3.748986000000e-09,730,blue
3.1,0.960000,0.960000,4.997008000000e-09,0.000000000000e+00,1,4.997008000000e-09,730,blue
3.1,0.970000,0.970000,6.399301000000e-09,0.000000000000e+00,1,6.399301000000e-09,730,blue
3.1,0.980000,0.980000,7.716976000000e-09,0.000000000000e+00,1,7.716976000000e-09,730,blue
3.1,0.990000,0.990000,9.367129000000e-09,0.000000000000e+00,1,9.367129000000e-09,730,blue
3.1,1.000000,1.000000,1.219772000000e-08,0.000000000000e+00,1,1.219772000000e-08,730,blue
3.1,1.010000,1.010000,1.458782000000e-08,0.000000000000e+00,1,1.458782000000e-08,730,blue
3.1,1.020000,1.020000,1.793910000000e-08,0.000000000000e+00,1,1.793910000000e-08,730,blue
3.1,1.030000,1.030000,2.259691000000e-08,0.000000000000e+00,1,2.259691000000e-08,730,blue
3.1,1.040000,1.040000,2.808286000000e-08,0.000000000000e+00,1,2.808286000000e-08,730,blue
3.1,1.050000,1.050000,3.446713000000e-08,0.000000000000e+00,1,3.446713000000e-08,730,blue
3.1,1.060000,1.060000,4.261065000000e-08,0.000000000000e+00,1,4.261065000000e-08,730,blue
3.1,1.070000,1.070000,5.281506000000e-08,0.000000000000e+00,1,5.281506000000e-08,730,blue
3.1,1.080000,1.080000,6.556524000000e-08,0.000000000000e+00,1,6.556524000000e-08,730,blue
3.1,1.090000,1.090000,8.159125000000e-08,0.000000000000e+00,1,8.159125000000e-08,730,blue
3.1,1.100000,1.100000,1.009129000000e-07,0.000000000000e+00,1,1.009129000000e-07,730,blue
3.1,1.110000,1.110000,1.264731000000e-07,0.000000000000e+00,1,1.264731000000e-07,730,blue
3.1,1.120000,1.120000,1.571445000000e-07,0.000000000000e+00,1,1.571445000000e-07,730,blue
3.1,1.130000,1.130000,1.951936000000e-07,0.000000000000e+00,1,1.951936000000e-07,730,blue
3.1,1.140000,1.140000,2.454096000000e-07,0.000000000000e+00,1,2.454096000000e-07,730,blue
3.1,1.150000,1.150000,3.067335000000e-07,0.000000000000e+00,1,3.067335000000e-07,730,blue
3.1,1.160000,1.160000,3.837620000000e-07,0.000000000000e+00,1,3.837620000000e-07,730,blue
3.1,1.170000,1.170000,4.854683000000e-07,0.000000000000e+00,1,4.854683000000e-07,730,blue
3.1,1.180000,1.180000,6.104675000000e-07,0.000000000000e+00,1,6.104675000000e-07,730,blue
3.1,1.190000,1.190000,7.693447000000e-07,0.000000000000e+00,1,7.693447000000e-07,730,blue
3.1,1.200000,1.200000,9.736605000000e-07,0.000000000000e+00,1,9.736605000000e-07,730,blue
3.1,1.210000,1.210000,1.233376000000e-06,0.000000000000e+00,1,1.233376000000e-06,730,blue
3.1,1.220000,1.220000,1.580007000000e-06,0.000000000000e+00,1,1.580007000000e-06,730,blue
3.1,1.230000,1.230000,2.014788000000e-06,0.000000000000e+00,1,2.014788000000e-06,730,blue
3.1,1.240000,1.240000,2.577214000000e-06,0.000000000000e+00,1,2.577214000000e-06,730,blue
3.1,1.250000,1.250000,3.337364000000e-06,0.000000000000e+00,1,3.337364000000e-06,730,blue
3.1,1.260000,1.260000,4.299273000000e-06,0.000000000000e+00,1,4.299273000000e-06,730,blue
3.1,1.270000,1.270000,5.557158000000e-06,0.000000000000e+00,1,5.557158000000e-06,730,blue
3.1,1.280000,1.280000,7.266987000000e-06,0.000000000000e+00,1,7.266987000000e-06,730,blue
3.1,1.290000,1.290000,9.447185000000e-06,0.000000000000e+00,1,9.447185000000e-06,730,blue
3.1,1.300000,1.300000,1.220203000000e-05,0.000000000000e+00,1,1.220203000000e-05,730,blue
3.1,1.310000,1.310000,1.602273000000e-05,0.000000000000e+00,1,1.602273000000e-05,730,blue
3.1,1.320000,1.320000,2.085432000000e-05,0.000000000000e+00,1,2.085432000000e-05,730,blue
3.1,1.330000,1.330000,2.738111000000e-05,0.000000000000e+00,1,2.738111000000e-05,730,blue
3.1,1.340000,1.340000,3.559199000000e-05,0.000000000000e+00,1,3.559199000000e-05,730,blue
3.1,1.350000,1.350000,4.620009000000e-05,0.000000000000e+00,1,4.620009000000e-05,730,blue
3.1,1.360000,1.360000,6.036841000000e-05,0.000000000000e+00,1,6.036841000000e-05,730,blue
3.1,1.370000,1.370000,7.797476000000e-05,0.000000000000e+00,1,7.797476000000e-05,730,blue
3.1,1.380000,1.380000,1.003292000000e-04,0.000000000000e+00,1,1.003292000000e-04,730,blue
3.1,1.390000,1.390000,1.283375000000e-04,0.000000000000e+00,1,1.283375000000e-04,730,blue
3.1,1.400000,1.400000,1.628040000000e-04,0.000000000000e+00,1,1.628040000000e-04,730,blue
3.1,1.410000,1.410000,2.046557000000e-04,0.000000000000e+00,1,2.046557000000e-04,730,blue
3.1,1.420000,1.420000,2.564404000000e-04,0.000000000000e+00,1,2.564404000000e-04,730,blue
3.1,1.430000,1.430000,3.152836000000e-04,0.000000000000e+00,1,3.152836000000e-04,730,blue
3.1,1.440000,1.440000,3.828726000000e-04,0.000000000000e+00,1,3.828726000000e-04,730,blue
3.1,1.450000,1.450000,4.620705000000e-04,0.000000000000e+00,1,4.620705000000e-04,730,blue
3.1,1.460000,1.460000,5.473647000000e-04,0.000000000000e+00,1,5.473647000000e-04,730,blue
3.1,1.470000,1.470000,6.439958000000e-04,0.000000000000e+00,1,6.439958000000e-04,730,blue
3.1,1.480000,1.480000,7.452648000000e-04,0.000000000000e+00,1,7.452648000000e-04,730,blue
3.1,1.490000,1.490000,8.535151000000e-04,0.000000000000e+00,1,8.535151000000e-04,730,blue
3.1,1.500000,1.500000,9.722660000000e-04,0.000000000000e+00,1,9.722660000000e-04,730,blue
3.1,1.510000,1.510000,9.999519000000e-04,0.000000000000e+00,1,9.999519000000e-04,730,blue
3.1,1.520000,1.520000,9.999517000000e-04,0.000000000000e+00,1,9.999517000000e-04,730,blue
3.1,1.530000,1.530000,9.999524000000e-04,0.000000000000e+00,1,9.999524000000e-04,730,blue
3.1,1.540000,1.540000,9.999520000000e-04,0.000000000000e+00,1,9.999520000000e-04,730,blue
3.1,1.550000,1.550000,9.999520000000e-04,0.000000000000e+00,1,9.999520000000e-04,730,blue
3.1,1.560000,1.560000,9.999520000000e-04,0.000000000000e+00,1,9.999520000000e-04,730,blue
3.1,1.570000,1.570000,9.999520000000e-04,0.000000000000e+00,1,9.999520000000e-04,730,blue
3.1,1.580000,1.580000,9.999523000000e-04,0.000000000000e+00,1,9.999523000000e-04,730,blue
3.1,1.590000,1.590000,9.999524000000e-04,0.000000000000e+00,1,9.999524000000e-04,730,blue
3.1,1.600000,1.600000,9.999517000000e-04,0.000000000000e+00,1,9.999517000000e-04,730,blue
3.1,1.610000,1.610000,9.999526000000e-04,0.000000000000e+00,1,9.999526000000e-04,730,blue
3.1,1.620000,1.620000,9.999519000000e-04,0.000000000000e+00,1,9.999519000000e-04,730,blue
3.1,1.630000,1.630000,9.999522000000e-04,0.000000000000e+00,1,9.999522000000e-04,730,blue
3.1,1.640000,1.640000,9.999517000000e-04,0.000000000000e+00,1,9.999517000000e-04,730,blue
3.1,1.650000,1.650000,9.999523000000e-04,0.000000000000e+00,1,9.999523000000e-04,730,blue
3.1,1.660000,1.660000,9.999524000000e-04,0.000000000000e+00,1,9.999524000000e-04,730,blue
3.1,1.670000,1.670000,9.999521000000e-04,0.000000000000e+00,1,9.999521000000e-04,730,blue
3.1,1.680000,1.680000,9.999515000000e-04,0.000000000000e+00,1,9.999515000000e-04,730,blue
3.1,1.690000,1.690000,9.999515000000e-04,0.000000000000e+00,1,9.999515000000e-04,730,blue
3.1,1.700000,1.700000,9.999522000000e-04,0.000000000000e+00,1,9.999522000000e-04,730,blue
3.1,1.710000,1.710000,9.999526000000e-04,0.000000000000e+00,1,9.999526000000e-04,730,blue
3.1,1.720000,1.720000,9.999520000000e-04,0.000000000000e+00,1,9.999520000000e-04,730,blue
3.1,1.730000,1.730000,9.999520000000e-04,0.000000000000e+00,1,9.999520000000e-04,730,blue
3.1,1.740000,1.740000,9.999523000000e-04,0.000000000000e+00,1,9.999523000000e-04,730,blue
3.1,1.750000,1.750000,9.999515000000e-04,0.000000000000e+00,1,9.999515000000e-04,730,blue
3.1,1.760000,1.760000,9.999517000000e-04,0.000000000000e+00,1,9.999517000000e-04,730,blue
3.1,1.770000,1.770000,9.999512000000e-04,0.000000000000e+00,1,9.999512000000e-04,730,blue
3.1,1.780000,1.780000,9.999520000000e-04,0.000000000000e+00,1,9.999520000000e-04,730,blue
3.1,1.790000,1.790000,9.999514000000e-04,0.000000000000e+00,1,9.999514000000e-04,730,blue
3.1,0.500000,0.500000,-2.080237000000e-08,0.000000000000e+00,1,-2.080237000000e-08,500,500-510
3.1,0.510000,0.510000,-1.932976000000e-08,0.000000000000e+00,1,-1.932976000000e-08,500,500-510
3.1,0.520000,0.520000,-2.224662000000e-08,0.000000000000e+00,1,-2.224662000000e-08,500,500-510
3.1,0.530000,0.530000,-2.267145000000e-08,0.000000000000e+00,1,-2.267145000000e-08,500,500-510
3.1,0.540000,0.540000,-2.306292000000e-08,0.000000000000e+00,1,-2.306292000000e-08,500,500-510
3.1,0.550000,0.550000,-2.312288000000e-08,0.000000000000e+00,1,-2.312288000000e-08,500,500-510
3.1,0.560000,0.560000,-2.333529000000e-08,0.000000000000e+00,1,-2.333529000000e-08,500,500-510
3.1,0.570000,0.570000,-2.297648000000e-08,0.000000000000e+00,1,-2.297648000000e-08,500,500-510
3.1,0.580000,0.580000,-2.335970000000e-08,0.000000000000e+00,1,-2.335970000000e-08,500,500-510
3.1,0.590000,0.590000,-2.338675000000e-08,0.000000000000e+00,1,-2.338675000000e-08,500,500-510
3.1,0.600000,0.600000,-2.311716000000e-08,0.000000000000e+00,1,-2.311716000000e-08,500,500-510
3.1,0.610000,0.610000,-2.281644000000e-08,0.000000000000e+00,1,-2.281644000000e-08,500,500-510
3.1,0.620000,0.620000,-2.302005000000e-08,0.000000000000e+00,1,-2.302005000000e-08,500,500-510
3.1,0.630000,0.630000,-2.335915000000e-08,0.000000000000e+00,1,-2.335915000000e-08,500,500-510
3.1,0.640000,0.640000,-2.314866000000e-08,0.000000000000e+00,1,-2.314866000000e-08,500,500-510
3.1,0.650000,0.650000,-2.275050000000e-08,0.000000000000e+00,1,-2.275050000000e-08,500,500-510
3.1,0.660000,0.660000,-2.265422000000e-08,0.000000000000e+00,1,-2.265422000000e-08,500,500-510
3.1,0.670000,0.670000,-2.283440000000e-08,0.000000000000e+00,1,-2.283440000000e-08,500,500-510
3.1,0.680000,0.680000,-2.309641000000e-08,0.000000000000e+00,1,-2.309641000000e-08,500,500-510
3.1,0.690000,0.690000,-2.289208000000e-08,0.000000000000e+00,1,-2.289208000000e-08,500,500-510
3.1,0.700000,0.700000,-2.285576000000e-08,0.000000000000e+00,1,-2.285576000000e-08,500,500-510
3.1,0.710000,0.710000,-2.325738000000e-08,0.000000000000e+00,1,-2.325738000000e-08,500,500-510
3.1,0.720000,0.720000,-2.300733000000e-08,0.000000000000e+00,1,-2.300733000000e-08,500,500-510
3.1,0.730000,0.730000,-2.261485000000e-08,0.000000000000e+00,1,-2.261485000000e-08,500,500-510
3.1,0.740000,0.740000,-2.282887000000e-08,0.000000000000e+00,1,-2.282887000000e-08,500,500-510
3.1,0.750000,0.750000,-2.291124000000e-08,0.000000000000e+00,1,-2.291124000000e-08,500,500-510
3.1,0.760000,0.760000,-2.258995000000e-08,0.000000000000e+00,1,-2.258995000000e-08,500,500-510
3.1,0.770000,0.770000,-2.260436000000e-08,0.000000000000e+00,1,-2.260436000000e-08,500,500-510
3.1,0.780000,0.780000,-2.289157000000e-08,0.000000000000e+00,1,-2.289157000000e-08,500,500-510
3.1,0.790000,0.790000,-2.276920000000e-08,0.000000000000e+00,1,-2.276920000000e-08,500,500-510
3.1,0.800000,0.800000,-2.262824000000e-08,0.000000000000e+00,1,-2.262824000000e-08,500,500-510
3.1,0.810000,0.810000,-2.233948000000e-08,0.000000000000e+00,1,-2.233948000000e-08,500,500-510
3.1,0.820000,0.820000,-2.232671000000e-08,0.000000000000e+00,1,-2.232671000000e-08,500,500-510
3.1,0.830000,0.830000,-2.201063000000e-08,0.000000000000e+00,1,-2.201063000000e-08,500,500-510
3.1,0.840000,0.840000,-2.241856000000e-08,0.000000000000e+00,1,-2.241856000000e-08,500,500-510
3.1,0.850000,0.850000,-2.231824000000e-08,0.000000000000e+00,1,-2.231824000000e-08,500,500-510
3.1,0.860000,0.860000,-2.172712000000e-08,0.000000000000e+00,1,-2.172712000000e-08,500,500-510
3.1,0.870000,0.870000,-2.196378000000e-08,0.000000000000e+00,1,-2.196378000000e-08,500,500-510
3.1,0.880000,0.880000,-2.194649000000e-08,0.000000000000e+00,1,-2.194649000000e-08,500,500-510
3.1,0.890000,0.890000,-2.207467000000e-08,0.000000000000e+00,1,-2.207467000000e-08,500,500-510
3.1,0.900000,0.900000,-2.178397000000e-08,0.000000000000e+00,1,-2.178397000000e-08,500,500-510
3.1,0.910000,0.910000,-2.162902000000e-08,0.000000000000e+00,1,-2.162902000000e-08,500,500-510
3.1,0.920000,0.920000,-2.195425000000e-08,0.000000000000e+00,1,-2.195425000000e-08,500,500-510
3.1,0.930000,0.930000,-2.174794000000e-08,0.000000000000e+00,1,-2.174794000000e-08,500,500-510
3.1,0.940000,0.940000,-2.131517000000e-08,0.000000000000e+00,1,-2.131517000000e-08,500,500-510
3.1,0.950000,0.950000,-2.185416000000e-08,0.000000000000e+00,1,-2.185416000000e-08,500,500-510
3.1,0.960000,0.960000,-2.157327000000e-08,0.000000000000e+00,1,-2.157327000000e-08,500,500-510
3.1,0.970000,0.970000,-2.133528000000e-08,0.000000000000e+00,1,-2.133528000000e-08,500,500-510
3.1,0.980000,0.980000,-2.164949000000e-08,0.000000000000e+00,1,-2.164949000000e-08,500,500-510
3.1,0.990000,0.990000,-2.144504000000e-08,0.000000000000e+00,1,-2.144504000000e-08,500,500-510
3.1,1.000000,1.000000,-2.162830000000e-08,0.000000000000e+00,1,-2.162830000000e-08,500,500-510
3.1,1.010000,1.010000,-2.159821000000e-08,0.000000000000e+00,1,-2.159821000000e-08,500,500-510
3.1,1.020000,1.020000,-2.125889000000e-08,0.000000000000e+00,1,-2.125889000000e-08,500,500-510
3.1,1.030000,1.030000,-2.155802000000e-08,0.000000000000e+00,1,-2.155802000000e-08,500,500-510
3.1,1.040000,1.040000,-2.134375000000e-08,0.000000000000e+00,1,-2.134375000000e-08,500,500-510
3.1,1.050000,1.050000,-2.120662000000e-08,0.000000000000e+00,1,-2.120662000000e-08,500,500-510
3.1,1.060000,1.060000,-2.085717000000e-08,0.000000000000e+00,1,-2.085717000000e-08,500,500-510
3.1,1.070000,1.070000,-2.095004000000e-08,0.000000000000e+00,1,-2.095004000000e-08,500,500-510
3.1,1.080000,1.080000,-2.102214000000e-08,0.000000000000e+00,1,-2.102214000000e-08,500,500-510
3.1,1.090000,1.090000,-2.067783000000e-08,0.000000000000e+00,1,-2.067783000000e-08,500,500-510
3.1,1.100000,1.100000,-2.078381000000e-08,0.000000000000e+00,1,-2.078381000000e-08,500,500-510
3.1,1.110000,1.110000,-2.108076000000e-08,0.000000000000e+00,1,-2.108076000000e-08,500,500-510
3.1,1.120000,1.120000,-2.076633000000e-08,0.000000000000e+00,1,-2.076633000000e-08,500,500-510
3.1,1.130000,1.130000,-2.068201000000e-08,0.000000000000e+00,1,-2.068201000000e-08,500,500-510
3.1,1.140000,1.140000,-2.080922000000e-08,0.000000000000e+00,1,-2.080922000000e-08,500,500-510
3.1,1.150000,1.150000,-2.059785000000e-08,0.000000000000e+00,1,-2.059785000000e-08,500,500-510
3.1,1.160000,1.160000,-2.031772000000e-08,0.000000000000e+00,1,-2.031772000000e-08,500,500-510
3.1,1.170000,1.170000,-2.029189000000e-08,0.000000000000e+00,1,-2.029189000000e-08,500,500-510
3.1,1.180000,1.180000,-2.023816000000e-08,0.000000000000e+00,1,-2.023816000000e-08,500,500-510
3.1,1.190000,1.190000,-1.992755000000e-08,0.000000000000e+00,1,-1.992755000000e-08,500,500-510
3.1,1.200000,1.200000,-1.982705000000e-08,0.000000000000e+00,1,-1.982705000000e-08,500,500-510
3.1,1.210000,1.210000,-1.982322000000e-08,0.000000000000e+00,1,-1.982322000000e-08,500,500-510
3.1,1.220000,1.220000,-1.956104000000e-08,0.000000000000e+00,1,-1.956104000000e-08,500,500-510
3.1,1.230000,1.230000,-1.914742000000e-08,0.000000000000e+00,1,-1.914742000000e-08,500,500-510
3.1,1.240000,1.240000,-1.881363000000e-08,0.000000000000e+00,1,-1.881363000000e-08,500,500-510
3.1,1.250000,1.250000,-1.869359000000e-08,0.000000000000e+00,1,-1.869359000000e-08,500,500-510
3.1,1.260000,1.260000,-1.845053000000e-08,0.000000000000e+00,1,-1.845053000000e-08,500,500-510
3.1,1.270000,1.270000,-1.849027000000e-08,0.000000000000e+00,1,-1.849027000000e-08,500,500-510
3.1,1.280000,1.280000,-1.839094000000e-08,0.000000000000e+00,1,-1.839094000000e-08,500,500-510
3.1,1.290000,1.290000,-1.802801000000e-08,0.000000000000e+00,1,-1.802801000000e-08,500,500-510
3.1,1.300000,1.300000,-1.790447000000e-08,0.000000000000e+00,1,-1.790447000000e-08,500,500-510
3.1,1.310000,1.310000,-1.757398000000e-08,0.000000000000e+00,1,-1.757398000000e-08,500,500-510
3.1,1.320000,1.320000,-1.687014000000e-08,0.000000000000e+00,1,-1.687014000000e-08,500,500-510
3.1,1.330000,1.330000,-1.645364000000e-08,0.000000000000e+00,1,-1.645364000000e-08,500,500-510
3.1,1.340000,1.340000,-1.650897000000e-08,0.000000000000e+00,1,-1.650897000000e-08,500,500-510
3.1,1.350000,1.350000,-1.623217000000e-08,0.000000000000e+00,1,-1.623217000000e-08,500,500-510
3.1,1.360000,1.360000,-1.586615000000e-08,0.000000000000e+00,1,-1.586615000000e-08,500,500-510
3.1,1.370000,1.370000,-1.528734000000e-08,0.000000000000e+00,1,-1.528734000000e-08,500,500-510
3.1,1.380000,1.380000,-1.476619000000e-08,0.000000000000e+00,1,-1.476619000000e-08,500,500-510
3.1,1.390000,1.390000,-1.436326000000e-08,0.000000000000e+00,1,-1.436326000000e-08,500,500-510
3.1,1.400000,1.400000,-1.376114000000e-08,0.000000000000e+00,1,-1.376114000000e-08,500,500-510
3.1,1.410000,1.410000,-1.290115000000e-08,0.000000000000e+00,1,-1.290115000000e-08,500,500-510
3.1,1.420000,1.420000,-1.188731000000e-08,0.000000000000e+00,1,-1.188731000000e-08,500,500-510
3.1,1.430000,1.430000,-1.139024000000e-08,0.000000000000e+00,1,-1.139024000000e-08,500,500-510
3.1,1.440000,1.440000,-1.061115000000e-08,0.000000000000e+00,1,-1.061115000000e-08,500,500-510
3.1,1.450000,1.450000,-9.540591000000e-09,0.000000000000e+00,1,-9.540591000000e-09,500,500-510
3.1,1.460000,1.460000,-8.061034000000e-09,0.000000000000e+00,1,-8.061034000000e-09,500,500-510
3.1,1.470000,1.470000,-6.146448000000e-09,0.000000000000e+00,1,-6.146448000000e-09,500,500-510
3.1,1.480000,1.480000,-1.796364000000e-09,0.000000000000e+00,1,-1.796364000000e-09,500,500-510
3.1,1.490000,1.490000,1.014863000000e-09,0.000000000000e+00,1,1.014863000000e-09,500,500-510
3.1,1.500000,1.500000,3.338110000000e-09,0.000000000000e+00,1,3.338110000000e-09,500,500-510
3.1,1.510000,1.510000,5.283369000000e-09,0.000000000000e+00,1,5.283369000000e-09,500,500-510
3.1,1.520000,1.520000,7.234192000000e-09,0.000000000000e+00,1,7.234192000000e-09,500,500-510
3.1,1.530000,1.530000,8.795060000000e-09,0.000000000000e+00,1,8.795060000000e-09,500,500-510
3.1,1.540000,1.540000,7.465548000000e-09,0.000000000000e+00,1,7.465548000000e-09,500,500-510
3.1,1.550000,1.550000,9.664713000000e-09,0.000000000000e+00,1,9.664713000000e-09,500,500-510
3.1,1.560000,1.560000,1.328153000000e-08,0.000000000000e+00,1,1.328153000000e-08,500,500-510
3.1,1.570000,1.570000,1.745902000000e-08,0.000000000000e+00,1,1.745902000000e-08,500,500-510
3.1,1.580000,1.580000,2.133054000000e-08,0.000000000000e+00,1,2.133054000000e-08,500,500-510
3.1,1.590000,1.590000,2.590410000000e-08,0.000000000000e+00,1,2.590410000000e-08,500,500-510
3.1,1.600000,1.600000,3.078498000000e-08,0.000000000000e+00,1,3.078498000000e-08,500,500-510
3.1,1.610000,1.610000,3.676299000000e-08,0.000000000000e+00,1,3.676299000000e-08,500,500-510
3.1,1.620000,1.620000,4.255143000000e-08,0.000000000000e+00,1,4.255143000000e-08,500,500-510
3.1,1.630000,1.630000,4.894418000000e-08,0.000000000000e+00,1,4.894418000000e-08,500,500-510
3.1,1.640000,1.640000,5.597787000000e-08,0.000000000000e+00,1,5.597787000000e-08,500,500-510
3.1,1.650000,1.650000,6.369152000000e-08,0.000000000000e+00,1,6.369152000000e-08,500,500-510
3.1,1.660000,1.660000,7.231613000000e-08,0.000000000000e+00,1,7.231613000000e-08,500,500-510
3.1,1.670000,1.670000,8.156059000000e-08,0.000000000000e+00,1,8.156059000000e-08,500,500-510
3.1,1.680000,1.680000,9.136122000000e-08,0.000000000000e+00,1,9.136122000000e-08,500,500-510
3.1,1.690000,1.690000,1.019682000000e-07,0.000000000000e+00,1,1.019682000000e-07,500,500-510
3.1,1.700000,1.700000,1.137444000000e-07,0.000000000000e+00,1,1.137444000000e-07,500,500-510
3.1,1.710000,1.710000,1.263053000000e-07,0.000000000000e+00,1,1.263053000000e-07,500,500-510
3.1,1.720000,1.720000,1.406604000000e-07,0.000000000000e+00,1,1.406604000000e-07,500,500-510
3.1,1.730000,1.730000,1.548321000000e-07,0.000000000000e+00,1,1.548321000000e-07,500,500-510
3.1,1.740000,1.740000,1.705739000000e-07,0.000000000000e+00,1,1.705739000000e-07,500,500-510
3.1,1.750000,1.750000,1.886716000000e-07,0.000000000000e+00,1,1.886716000000e-07,500,500-510
3.1,1.760000,1.760000,2.077843000000e-07,0.000000000000e+00,1,2.077843000000e-07,500,500-510
3.1,1.770000,1.770000,2.279915000000e-07,0.000000000000e+00,1,2.279915000000e-07,500,500-510
3.1,1.780000,1.780000,2.511848000000e-07,0.000000000000e+00,1,2.511848000000e-07,500,500-510
3.1,1.790000,1.790000,2.752759000000e-07,0.000000000000e+00,1,2.752759000000e-07,500,500-510
3.1,1.800000,1.800000,3.017825000000e-07,0.000000000000e+00,1,3.017825000000e-07,500,500-510
3.1,1.810000,1.810000,3.330393000000e-07,0.000000000000e+00,1,3.330393000000e-07,500,500-510
3.1,1.820000,1.820000,3.665276000000e-07,0.000000000000e+00,1,3.665276000000e-07,500,500-510
3.1,1.830000,1.830000,4.064135000000e-07,0.000000000000e+00,1,4.064135000000e-07,500,500-510
3.1,1.840000,1.840000,4.468380000000e-07,0.000000000000e+00,1,4.468380000000e-07,500,500-510
3.1,1.850000,1.850000,4.948657000000e-07,0.000000000000e+00,1,4.948657000000e-07,500,500-510
3.1,1.860000,1.860000,5.496836000000e-07,0.000000000000e+00,1,5.496836000000e-07,500,500-510
3.1,1.870000,1.870000,6.090226000000e-07,0.000000000000e+00,1,6.090226000000e-07,500,500-510
3.1,1.880000,1.880000,6.784276000000e-07,0.000000000000e+00,1,6.784276000000e-07,500,500-510
3.1,1.890000,1.890000,7.605348000000e-07,0.000000000000e+00,1,7.605348000000e-07,500,500-510
3.1,1.900000,1.900000,8.356213000000e-07,0.000000000000e+00,1,8.356213000000e-07,500,500-510
3.1,1.910000,1.910000,9.505562000000e-07,0.000000000000e+00,1,9.505562000000e-07,500,500-510
3.1,1.920000,1.920000,1.075126000000e-06,0.000000000000e+00,1,1.075126000000e-06,500,500-510
3.1,1.930000,1.930000,1.212329000000e-06,0.000000000000e+00,1,1.212329000000e-06,500,500-510
3.1,1.940000,1.940000,1.372881000000e-06,0.000000000000e+00,1,1.372881000000e-06,500,500-510
3.1,1.950000,1.950000,1.564168000000e-06,0.000000000000e+00,1,1.564168000000e-06,500,500-510
3.1,1.960000,1.960000,1.776451000000e-06,0.000000000000e+00,1,1.776451000000e-06,500,500-510
3.1,1.970000,1.970000,2.041342000000e-06,0.000000000000e+00,1,2.041342000000e-06,500,500-510
3.1,1.980000,1.980000,2.338924000000e-06,0.000000000000e+00,1,2.338924000000e-06,500,500-510
3.1,1.990000,1.990000,2.689952000000e-06,0.000000000000e+00,1,2.689952000000e-06,500,500-510
3.1,2.000000,2.000000,3.121686000000e-06,0.000000000000e+00,1,3.121686000000e-06,500,500-510
3.1,2.010000,2.010000,3.619774000000e-06,0.000000000000e+00,1,3.619774000000e-06,500,500-510
3.1,2.020000,2.020000,4.218289000000e-06,0.000000000000e+00,1,4.218289000000e-06,500,500-510
3.1,2.030000,2.030000,4.969153000000e-06,0.000000000000e+00,1,4.969153000000e-06,500,500-510
3.1,2.040000,2.040000,5.856778000000e-06,0.000000000000e+00,1,5.856778000000e-06,500,500-510
3.1,2.050000,2.050000,6.947701000000e-06,0.000000000000e+00,1,6.947701000000e-06,500,500-510
3.1,2.060000,2.060000,8.345433000000e-06,0.000000000000e+00,1,8.345433000000e-06,500,500-510
3.1,2.070000,2.070000,1.003796000000e-05,0.000000000000e+00,1,1.003796000000e-05,500,500-510
3.1,2.080000,2.080000,1.214435000000e-05,0.000000000000e+00,1,1.214435000000e-05,500,500-510
3.1,2.090000,2.090000,1.479912000000e-05,0.000000000000e+00,1,1.479912000000e-05,500,500-510
3.1,2.100000,2.100000,1.815053000000e-05,0.000000000000e+00,1,1.815053000000e-05,500,500-510
3.1,2.110000,2.110000,2.255309000000e-05,0.000000000000e+00,1,2.255309000000e-05,500,500-510
3.1,2.120000,2.120000,2.800295000000e-05,0.000000000000e+00,1,2.800295000000e-05,500,500-510
3.1,2.130000,2.130000,3.496471000000e-05,0.000000000000e+00,1,3.496471000000e-05,500,500-510
3.1,2.140000,2.140000,4.425908000000e-05,0.000000000000e+00,1,4.425908000000e-05,500,500-510
3.1,2.150000,2.150000,5.586007000000e-05,0.000000000000e+00,1,5.586007000000e-05,500,500-510
3.1,2.160000,2.160000,7.077538000000e-05,0.000000000000e+00,1,7.077538000000e-05,500,500-510
3.1,2.170000,2.170000,9.064558000000e-05,0.000000000000e+00,1,9.064558000000e-05,500,500-510
3.1,2.180000,2.180000,1.143503000000e-04,0.000000000000e+00,1,1.143503000000e-04,500,500-510
3.1,2.190000,2.190000,1.460606000000e-04,0.000000000000e+00,1,1.460606000000e-04,500,500-510
3.1,2.200000,2.200000,1.842683000000e-04,0.000000000000e+00,1,1.842683000000e-04,500,500-510
3.1,2.210000,2.210000,2.308613000000e-04,0.000000000000e+00,1,2.308613000000e-04,500,500-510
3.1,2.220000,2.220000,2.886856000000e-04,0.000000000000e+00,1,2.886856000000e-04,500,500-510
3.1,2.230000,2.230000,3.545490000000e-04,0.000000000000e+00,1,3.545490000000e-04,500,500-510
3.1,2.240000,2.240000,4.302191000000e-04,0.000000000000e+00,1,4.302191000000e-04,500,500-510
3.1,2.250000,2.250000,5.186471000000e-04,0.000000000000e+00,1,5.186471000000e-04,500,500-510
3.1,2.260000,2.260000,6.138607000000e-04,0.000000000000e+00,1,6.138607000000e-04,500,500-510
3.1,2.270000,2.270000,7.177034000000e-04,0.000000000000e+00,1,7.177034000000e-04,500,500-510
3.1,2.280000,2.280000,8.332506000000e-04,0.000000000000e+00,1,8.332506000000e-04,500,500-510
3.1,2.290000,2.290000,9.527393000000e-04,0.000000000000e+00,1,9.527393000000e-04,500,500-510
3.1,2.300000,2.300000,9.999424000000e-04,0.000000000000e+00,1,9.999424000000e-04,500,500-510
3.1,2.310000,2.310000,9.999427000000e-04,0.000000000000e+00,1,9.999427000000e-04,500,500-510
3.1,2.320000,2.320000,9.999429000000e-04,0.000000000000e+00,1,9.999429000000e-04,500,500-510
3.1,2.330000,2.330000,9.999424000000e-04,0.000000000000e+00,1,9.999424000000e-04,500,500-510
3.1,2.340000,2.340000,9.999429000000e-04,0.000000000000e+00,1,9.999429000000e-04,500,500-510
3.1,2.350000,2.350000,9.999422000000e-04,0.000000000000e+00,1,9.999422000000e-04,500,500-510
3.1,2.360000,2.360000,9.999424000000e-04,0.000000000000e+00,1,9.999424000000e-04,500,500-510
3.1,2.370000,2.370000,9.999425000000e-04,0.000000000000e+00,1,9.999425000000e-04,500,500-510
3.1,2.380000,2.380000,9.999436000000e-04,0.000000000000e+00,1,9.999436000000e-04,500,500-510
3.1,2.390000,2.390000,9.999424000000e-04,0.000000000000e+00,1,9.999424000000e-04,500,500-510
3.1,2.400000,2.400000,9.999435000000e-04,0.000000000000e+00,1,9.999435000000e-04,500,500-510
3.1,2.410000,2.410000,9.999432000000e-04,0.000000000000e+00,1,9.999432000000e-04,500,500-510
3.1,2.420000,2.420000,9.999429000000e-04,0.000000000000e+00,1,9.999429000000e-04,500,500-510
3.1,2.430000,2.430000,9.999435000000e-04,0.000000000000e+00,1,9.999435000000e-04,500,500-510
3.1,2.440000,2.440000,9.999438000000e-04,0.000000000000e+00,1,9.999438000000e-04,500,500-510
3.1,2.450000,2.450000,9.999436000000e-04,0.000000000000e+00,1,9.999436000000e-04,500,500-510
3.1,2.460000,2.460000,9.999427000000e-04,0.000000000000e+00,1,9.999427000000e-04,500,500-510
3.1,2.470000,2.470000,9.999431000000e-04,0.000000000000e+00,1,9.999431000000e-04,500,500-510
3.1,2.480000,2.480000,9.999428000000e-04,0.000000000000e+00,1,9.999428000000e-04,500,500-510
3.1,2.490000,2.490000,9.999432000000e-04,0.000000000000e+00,1,9.999432000000e-04,500,500-510
3.1,2.500000,2.500000,9.999429000000e-04,0.000000000000e+00,1,9.999429000000e-04,500,500-510
3.1,2.510000,2.510000,9.999430000000e-04,0.000000000000e+00,1,9.999430000000e-04,500,500-510
3.1,2.520000,2.520000,9.999435000000e-04,0.000000000000e+00,1,9.999435000000e-04,500,500-510
3.1,2.530000,2.530000,9.999437000000e-04,0.000000000000e+00,1,9.999437000000e-04,500,500-510
3.1,2.540000,2.540000,9.999437000000e-04,0.000000000000e+00,1,9.999437000000e-04,500,500-510
3.1,2.550000,2.550000,9.999435000000e-04,0.000000000000e+00,1,9.999435000000e-04,500,500-510
3.1,2.560000,2.560000,9.999435000000e-04,0.000000000000e+00,1,9.999435000000e-04,500,500-510
3.1,2.570000,2.570000,9.999432000000e-04,0.000000000000e+00,1,9.999432000000e-04,500,500-510
3.1,2.580000,2.580000,9.999431000000e-04,0.000000000000e+00,1,9.999431000000e-04,500,500-510
3.1,2.590000,2.590000,9.999423000000e-04,0.000000000000e+00,1,9.999423000000e-04,500,500-510
3.1,2.600000,2.600000,9.999434000000e-04,0.000000000000e+00,1,9.999434000000e-04,500,500-510
3.1,2.610000,2.610000,9.999435000000e-04,0.000000000000e+00,1,9.999435000000e-04,500,500-510
3.1,2.620000,2.620000,9.999436000000e-04,0.000000000000e+00,1,9.999436000000e-04,500,500-510
3.1,2.630000,2.630000,9.999428000000e-04,0.000000000000e+00,1,9.999428000000e-04,500,500-510
3.1,2.640000,2.640000,9.999430000000e-04,0.000000000000e+00,1,9.999430000000e-04,500,500-510
3.1,2.650000,2.650000,9.999431000000e-04,0.000000000000e+00,1,9.999431000000e-04,500,500-510
3.1,2.660000,2.660000,9.999438000000e-04,0.000000000000e+00,1,9.999438000000e-04,500,500-510
3.1,2.670000,2.670000,9.999430000000e-04,0.000000000000e+00,1,9.999430000000e-04,500,500-510
3.1,2.680000,2.680000,9.999434000000e-04,0.000000000000e+00,1,9.999434000000e-04,500,500-510
3.1,2.690000,2.690000,9.999429000000e-04,0.000000000000e+00,1,9.999429000000e-04,500,500-510
3.1,2.700000,2.700000,9.999431000000e-04,0.000000000000e+00,1,9.999431000000e-04,500,500-510
3.1,2.710000,2.710000,9.999421000000e-04,0.000000000000e+00,1,9.999421000000e-04,500,500-510
3.1,2.720000,2.720000,9.999421000000e-04,0.000000000000e+00,1,9.999421000000e-04,500,500-510
3.1,2.730000,2.730000,9.999429000000e-04,0.000000000000e+00,1,9.999429000000e-04,500,500-510
3.1,2.740000,2.740000,9.999424000000e-04,0.000000000000e+00,1,9.999424000000e-04,500,500-510
3.1,2.750000,2.750000,9.999428000000e-04,0.000000000000e+00,1,9.999428000000e-04,500,500-510
3.1,2.760000,2.760000,9.999427000000e-04,0.000000000000e+00,1,9.999427000000e-04,500,500-510
3.1,2.770000,2.770000,9.999422000000e-04,0.000000000000e+00,1,9.999422000000e-04,500,500-510
3.1,2.780000,2.780000,9.999432000000e-04,0.000000000000e+00,1,9.999432000000e-04,500,500-510
3.1,2.790000,2.790000,9.999430000000e-04,0.000000000000e+00,1,9.999430000000e-04,500,500-510
3.1,2.800000,2.800000,9.999432000000e-04,0.000000000000e+00,1,9.999432000000e-04,500,500-510
3.1,2.810000,2.810000,9.999434000000e-04,0.000000000000e+00,1,9.999434000000e-04,500,500-510
3.1,2.820000,2.820000,9.999430000000e-04,0.000000000000e+00,1,9.999430000000e-04,500,500-510
3.1,2.830000,2.830000,9.999435000000e-04,0.000000000000e+00,1,9.999435000000e-04,500,500-510
3.1,2.840000,2.840000,9.999432000000e-04,0.000000000000e+00,1,9.999432000000e-04,500,500-510
3.1,2.850000,2.850000,9.999427000000e-04,0.000000000000e+00,1,9.999427000000e-04,500,500-510
3.1,2.860000,2.860000,9.999429000000e-04,0.000000000000e+00,1,9.999429000000e-04,500,500-510
3.1,2.870000,2.870000,9.999437000000e-04,0.000000000000e+00,1,9.999437000000e-04,500,500-510
3.1,2.880000,2.880000,9.999441000000e-04,0.000000000000e+00,1,9.999441000000e-04,500,500-510
3.1,2.890000,2.890000,9.999425000000e-04,0.000000000000e+00,1,9.999425000000e-04,500,500-510
3.1,2.900000,2.900000,9.999437000000e-04,0.000000000000e+00,1,9.999437000000e-04,500,500-510
3.1,2.910000,2.910000,9.999436000000e-04,0.000000000000e+00,1,9.999436000000e-04,500,500-510
3.1,2.920000,2.920000,9.999442000000e-04,0.000000000000e+00,1,9.999442000000e-04,500,500-510
3.1,2.930000,2.930000,9.999428000000e-04,0.000000000000e+00,1,9.999428000000e-04,500,500-510
3.1,2.940000,2.940000,9.999429000000e-04,0.000000000000e+00,1,9.999429000000e-04,500,500-510
3.1,2.950000,2.950000,9.999427000000e-04,0.000000000000e+00,1,9.999427000000e-04,500,500-510
3.1,2.960000,2.960000,9.999418000000e-04,0.000000000000e+00,1,9.999418000000e-04,500,500-510
3.1,2.970000,2.970000,9.999430000000e-04,0.000000000000e+00,1,9.999430000000e-04,500,500-510
3.1,2.980000,2.980000,9.999429000000e-04,0.000000000000e+00,1,9.999429000000e-04,500,500-510
3.1,2.990000,2.990000,9.999432000000e-04,0.000000000000e+00,1,9.999432000000e-04,500,500-510
3.1,3.000000,3.000000,9.999429000000e-04,0.000000000000e+00,1,9.999429000000e-04,500,500-510
