Address:,USB0::0x0957::0x179B::MY58106372::0::INSTR,,Analog Channels,,,
Model:,DSO-X 2002A,,Time (s),1 (VOLT),2 (VOLT),
Serial Number:,MY58106372,,-0.0261,-0.521984819322824,0.065646973438561,
Firmware Version:,02.65.2021030741,,-0.026042,-0.521984819322824,-0.0067148432135582,
Start Time:,2024-09-16 12:55:42.455,,-0.025984,-0.481783807277679,-0.0227952469140291,
,,,-0.025926,-0.521984819322824,-0.0308354487642646,
Analog Sample Count:,1000,,-0.025868,-0.481783807277679,-0.0469158524647355,
Function Sample Count:,0,,-0.02581,-0.56218583136797,-0.0469158524647355,
Waveform Memory Sample Count:,0,,-0.025752,-0.521984819322824,-0.0469158524647355,
Digital Sample Count:,0,,-0.025694,-0.56218583136797,-0.0348555496893823,
,,,-0.025636,-0.521984819322824,-0.0348555496893823,
Setup Text Information:,,,-0.025578,-0.56218583136797,-0.0308354487642646,
ANALOG,,,-0.02552,-0.56218583136797,-0.0388756506145,
Channel 1,,,-0.025462,-0.56218583136797,-0.0348555496893823,
Scale,1 V/,,-0.025404,-0.521984819322824,-0.0388756506145,
Pos,-1.125 V,,-0.025346,-0.56218583136797,-0.0428957515396178,
Coup,,,-0.025288,-0.521984819322824,-0.0388756506145,
BW,Off,,-0.02523,-0.56218583136797,-0.0348555496893823,
Inv,Off,,-0.025172,-0.56218583136797,-0.0268153478391469,
Imp,1M Ohm,,-0.025114,-0.56218583136797,-0.0348555496893823,
Trace Label,1,,-0.025056,-0.56218583136797,-0.0348555496893823,
Probe,1,,-0.024998,-0.56218583136797,-0.0428957515396178,
Skew,0 s,,-0.02494,-0.602386843413115,-0.0308354487642646,
,,,-0.024882,-0.602386843413115,-0.0388756506145,
Channel 2,,,-0.024824,-0.602386843413115,-0.0308354487642646,
Scale,100 mV/,,-0.024766,-0.602386843413115,-0.0348555496893823,
Pos,186.25 mV,,-0.024708,-0.56218583136797,-0.0268153478391469,
Coup,,,-0.02465,-0.56218583136797,-0.0308354487642646,
BW,Off,,-0.024592,-0.56218583136797,-0.0227952469140291,
Inv,Off,,-0.024534,-0.521984819322824,-0.0308354487642646,
Imp,1M Ohm,,-0.024476,-0.56218583136797,-0.0308354487642646,
Trace Label,2,,-0.024418,-0.56218583136797,-0.0308354487642646,
Probe,1,,-0.02436,-0.56218583136797,-0.0227952469140291,
Skew,0 s,,-0.024302,-0.521984819322824,-0.0268153478391469,
,,,-0.024244,-0.56218583136797,-0.0227952469140291,
MATH,,,-0.024186,-0.602386843413115,-0.0187751459889114,
REFERENCE WAVEFORM,,,-0.024128,-0.521984819322824,-0.0388756506145,
TRIGGER,,,-0.02407,-0.521984819322824,-0.0227952469140291,
Sweep Mode,AUTO,,-0.024012,-0.521984819322824,-0.0308354487642646,
Coup,DC,,-0.023954,-0.56218583136797,-0.0227952469140291,
Noise Rej,Off,,-0.023896,-0.521984819322824,-0.0187751459889114,
HF Rej,Off,,-0.023838,-0.521984819322824,-0.0348555496893823,
Holdoff,40.0 ns,,-0.02378,-0.521984819322824,-0.0107349441386759,
Mode,EDGE,,-0.023722,-0.481783807277679,-0.00269474228844047,
Source,CHAN1,,-0.023664,-0.481783807277679,-0.0147550450637937,
Slope,POS,,-0.023606,-0.481783807277679,-0.0067148432135582,
Level,356.25 mV V,,-0.023548,-0.521984819322824,0.0214258632622659,
,,,-0.02349,-0.481783807277679,0.0294660651125014,
HORIZONTAL,,,-0.023432,-0.521984819322824,0.0455464688129723,
Mode,MAIN,,-0.023374,-0.481783807277679,0.117908285465091,
Ref,CENT,,-0.023316,-0.481783807277679,0.158109294716269,
Main Scale,5.8 ms/,,-0.023258,-0.521984819322824,0.178209799341857,
Main Delay,2.88 ms,,-0.0232,-0.481783807277679,0.154089193791151,
,,,-0.023142,-0.441582795232534,0.0937876799143851,
ACQUISITION,,,-0.023084,-0.441582795232534,0.0455464688129723,
Mode,NORM,,-0.023026,-0.441582795232534,0.0133856614120305,
RealTime,On,,-0.022968,-0.441582795232534,-0.0067148432135582,
Vectors,On,,-0.02291,-0.441582795232534,-0.0268153478391469,
Persistence,Off,,-0.022852,-0.441582795232534,-0.0268153478391469,
,,,-0.022794,-0.441582795232534,-0.0388756506145,
,,,-0.022736,-0.441582795232534,-0.0428957515396178,
,,,-0.022678,-0.401381783187389,-0.0428957515396178,
,,,-0.02262,-0.441582795232534,-0.054956054314971,
,,,-0.022562,-0.401381783187389,-0.0469158524647355,
,,,-0.022504,-0.361180771142244,-0.0589761552400887,
,,,-0.022446,-0.361180771142244,-0.0428957515396178,
,,,-0.022388,-0.401381783187389,-0.0469158524647355,
,,,-0.02233,-0.320979759097099,-0.054956054314971,
,,,-0.022272,-0.361180771142244,-0.054956054314971,
,,,-0.022214,-0.361180771142244,-0.0589761552400887,
,,,-0.022156,-0.320979759097099,-0.0589761552400887,
,,,-0.022098,-0.280778747051954,-0.054956054314971,
,,,-0.02204,-0.280778747051954,-0.0428957515396178,
,,,-0.021982,-0.320979759097099,-0.0469158524647355,
,,,-0.021924,-0.280778747051954,-0.0670163570903242,
,,,-0.021866,-0.280778747051954,-0.0428957515396178,
,,,-0.021808,-0.280778747051954,-0.0670163570903242,
,,,-0.02175,-0.200376722961664,-0.0509359533898532,
,,,-0.021692,-0.240577735006809,-0.0388756506145,
,,,-0.021634,-0.200376722961664,-0.0469158524647355,
,,,-0.021576,-0.160175710916519,-0.054956054314971,
,,,-0.021518,-0.160175710916519,-0.0388756506145,
,,,-0.02146,-0.160175710916519,-0.0509359533898532,
,,,-0.021402,-0.119974698871374,-0.0509359533898532,
,,,-0.021344,-0.0797736868262291,-0.0428957515396178,
,,,-0.021286,-0.119974698871374,-0.0509359533898532,
,,,-0.021228,-0.0797736868262291,-0.0469158524647355,
,,,-0.02117,-0.0797736868262291,-0.0388756506145,
,,,-0.021112,-0.0395726747810841,-0.0308354487642646,
,,,-0.021054,-0.0395726747810841,-0.0388756506145,
,,,-0.020996,0.000628337264060974,-0.0348555496893823,
,,,-0.020938,0.000628337264060974,-0.0428957515396178,
,,,-0.02088,0.000628337264060974,-0.0469158524647355,
,,,-0.020822,0.040829349309206,-0.0469158524647355,
,,,-0.020764,0.081030361354351,-0.0388756506145,
,,,-0.020706,0.040829349309206,-0.0428957515396178,
,,,-0.020648,0.081030361354351,-0.0388756506145,
,,,-0.02059,0.121231373399496,-0.0428957515396178,
,,,-0.020532,0.121231373399496,-0.0388756506145,
,,,-0.020474,0.121231373399496,-0.0268153478391469,
,,,-0.020416,0.161432385444641,-0.0348555496893823,
,,,-0.020358,0.121231373399496,-0.0388756506145,
,,,-0.0203,0.201633397489786,-0.0227952469140291,
,,,-0.020242,0.241834409534931,-0.0147550450637937,
,,,-0.020184,0.241834409534931,-0.0227952469140291,
,,,-0.020126,0.241834409534931,-0.0308354487642646,
,,,-0.020068,0.241834409534931,-0.0308354487642646,
,,,-0.02001,0.241834409534931,-0.0187751459889114,
,,,-0.019952,0.322236433625221,-0.0308354487642646,
,,,-0.019894,0.322236433625221,-0.0388756506145,
,,,-0.019836,0.322236433625221,-0.0187751459889114,
,,,-0.019778,0.322236433625221,-0.0147550450637937,
,,,-0.01972,0.362437445670366,-0.0147550450637937,
,,,-0.019662,0.362437445670366,-0.0107349441386759,
,,,-0.019604,0.402638457715511,0.0214258632622659,
,,,-0.019546,0.442839469760656,0.109868083614856,
,,,-0.019488,0.442839469760656,0.154089193791151,
,,,-0.01943,0.442839469760656,0.0294660651125014,
,,,-0.019372,0.483040481805801,-0.00269474228844047,
,,,-0.019314,0.483040481805801,-0.0187751459889114,
,,,-0.019256,0.483040481805801,-0.0227952469140291,
,,,-0.019198,0.523241493850946,-0.0227952469140291,
,,,-0.01914,0.523241493850946,-0.0187751459889114,
,,,-0.019082,0.523241493850946,-0.0268153478391469,
,,,-0.019024,0.523241493850946,-0.0187751459889114,
,,,-0.018966,0.563442505896091,-0.0107349441386759,
,,,-0.018908,0.603643517941237,-0.0107349441386759,
,,,-0.01885,0.563442505896091,-0.0187751459889114,
,,,-0.018792,0.603643517941237,-0.0107349441386759,
,,,-0.018734,0.603643517941237,-0.0067148432135582,
,,,-0.018676,0.684045542031527,-0.0107349441386759,
,,,-0.018618,0.603643517941237,-0.0107349441386759,
,,,-0.01856,0.684045542031527,0.00132535863667727,
,,,-0.018502,0.684045542031527,-0.00269474228844047,
,,,-0.018444,0.684045542031527,0.00132535863667727,
,,,-0.018386,0.724246554076672,0.00936556048691273,
,,,-0.018328,0.724246554076672,-0.0067148432135582,
,,,-0.01827,0.684045542031527,0.0133856614120305,
,,,-0.018212,0.804648578166962,-0.00269474228844047,
,,,-0.018154,0.844849590212107,0.0133856614120305,
,,,-0.018096,0.804648578166962,0.0133856614120305,
,,,-0.018038,0.844849590212107,0.005345459561795,
,,,-0.01798,0.844849590212107,0.00936556048691273,
,,,-0.017922,0.844849590212107,0.0174057623371482,
,,,-0.017864,0.844849590212107,0.0214258632622659,
,,,-0.017806,0.885050602257252,0.0254459641873837,
,,,-0.017748,0.885050602257252,0.0133856614120305,
,,,-0.01769,0.925251614302397,0.0174057623371482,
,,,-0.017632,0.885050602257252,0.0294660651125014,
,,,-0.017574,0.925251614302397,0.0214258632622659,
,,,-0.017516,0.965452626347542,0.0214258632622659,
,,,-0.017458,0.965452626347542,0.0214258632622659,
,,,-0.0174,0.965452626347542,0.0214258632622659,
,,,-0.017342,1.00565363839269,0.0133856614120305,
,,,-0.017284,0.965452626347542,0.0254459641873837,
,,,-0.017226,0.965452626347542,0.0214258632622659,
,,,-0.017168,1.00565363839269,0.0174057623371482,
,,,-0.01711,1.04585465043783,0.0214258632622659,
,,,-0.017052,1.04585465043783,0.0174057623371482,
,,,-0.016994,1.04585465043783,0.0375062669627368,
,,,-0.016936,1.08605566248298,0.0375062669627368,
,,,-0.016878,1.04585465043783,0.0334861660376191,
,,,-0.01682,1.04585465043783,0.0375062669627368,
,,,-0.016762,1.12625667452812,0.0334861660376191,
,,,-0.016704,1.04585465043783,0.0294660651125014,
,,,-0.016646,1.08605566248298,0.0375062669627368,
,,,-0.016588,1.08605566248298,0.0334861660376191,
,,,-0.01653,1.12625667452812,0.0334861660376191,
,,,-0.016472,1.12625667452812,0.0214258632622659,
,,,-0.016414,1.16645768657327,0.0375062669627368,
,,,-0.016356,1.16645768657327,0.0294660651125014,
,,,-0.016298,1.24685971066356,0.0334861660376191,
,,,-0.01624,1.16645768657327,0.0254459641873837,
,,,-0.016182,1.20665869861841,0.0334861660376191,
,,,-0.016124,1.20665869861841,0.0415263678878546,
,,,-0.016066,1.20665869861841,0.0294660651125014,
,,,-0.016008,1.20665869861841,0.0375062669627368,
,,,-0.01595,1.20665869861841,0.0415263678878546,
,,,-0.015892,1.24685971066356,0.0375062669627368,
,,,-0.015834,1.24685971066356,0.0415263678878546,
,,,-0.015776,1.24685971066356,0.0294660651125014,
,,,-0.015718,1.20665869861841,0.0294660651125014,
,,,-0.01566,1.24685971066356,0.0334861660376191,
,,,-0.015602,1.24685971066356,0.0254459641873837,
,,,-0.015544,1.20665869861841,0.0334861660376191,
,,,-0.015486,1.24685971066356,0.0334861660376191,
,,,-0.015428,1.24685971066356,0.0415263678878546,
,,,-0.01537,1.20665869861841,0.0334861660376191,
,,,-0.015312,1.24685971066356,0.0214258632622659,
,,,-0.015254,1.2870607227087,0.0294660651125014,
,,,-0.015196,1.20665869861841,0.0214258632622659,
,,,-0.015138,1.24685971066356,0.0334861660376191,
,,,-0.01508,1.20665869861841,0.0334861660376191,
,,,-0.015022,1.24685971066356,0.0254459641873837,
,,,-0.014964,1.24685971066356,0.0334861660376191,
,,,-0.014906,1.24685971066356,0.0375062669627368,
,,,-0.014848,1.24685971066356,0.0254459641873837,
,,,-0.01479,1.24685971066356,0.0214258632622659,
,,,-0.014732,1.20665869861841,0.0334861660376191,
,,,-0.014674,1.24685971066356,0.0375062669627368,
,,,-0.014616,1.24685971066356,0.0214258632622659,
,,,-0.014558,1.24685971066356,0.0294660651125014,
,,,-0.0145,1.2870607227087,0.0174057623371482,
,,,-0.014442,1.24685971066356,0.0294660651125014,
,,,-0.014384,1.24685971066356,0.0254459641873837,
,,,-0.014326,1.24685971066356,0.0294660651125014,
,,,-0.014268,1.20665869861841,0.0294660651125014,
,,,-0.01421,1.20665869861841,0.0254459641873837,
,,,-0.014152,1.24685971066356,0.0174057623371482,
,,,-0.014094,1.20665869861841,0.0254459641873837,
,,,-0.014036,1.20665869861841,0.0174057623371482,
,,,-0.013978,1.16645768657327,0.0214258632622659,
,,,-0.01392,1.20665869861841,0.005345459561795,
,,,-0.013862,1.20665869861841,0.0174057623371482,
,,,-0.013804,1.16645768657327,0.0133856614120305,
,,,-0.013746,1.16645768657327,0.0254459641873837,
,,,-0.013688,1.16645768657327,0.0294660651125014,
,,,-0.01363,1.20665869861841,0.0214258632622659,
,,,-0.013572,1.12625667452812,0.00936556048691273,
,,,-0.013514,1.16645768657327,0.0214258632622659,
,,,-0.013456,1.16645768657327,0.0133856614120305,
,,,-0.013398,1.12625667452812,0.00936556048691273,
,,,-0.01334,1.16645768657327,0.0133856614120305,
,,,-0.013282,1.12625667452812,0.0133856614120305,
,,,-0.013224,1.16645768657327,0.0133856614120305,
,,,-0.013166,1.12625667452812,0.0133856614120305,
,,,-0.013108,1.12625667452812,0.0254459641873837,
,,,-0.01305,1.08605566248298,0.0254459641873837,
,,,-0.012992,1.12625667452812,0.0214258632622659,
,,,-0.012934,1.12625667452812,0.0133856614120305,
,,,-0.012876,1.08605566248298,0.0174057623371482,
,,,-0.012818,1.12625667452812,0.00936556048691273,
,,,-0.01276,1.08605566248298,0.0133856614120305,
,,,-0.012702,1.08605566248298,0.0214258632622659,
,,,-0.012644,1.04585465043783,0.0133856614120305,
,,,-0.012586,1.00565363839269,0.005345459561795,
,,,-0.012528,1.08605566248298,0.005345459561795,
,,,-0.01247,1.08605566248298,0.0133856614120305,
,,,-0.012412,1.00565363839269,0.0254459641873837,
,,,-0.012354,1.04585465043783,0.0133856614120305,
,,,-0.012296,0.965452626347542,0.0174057623371482,
,,,-0.012238,1.00565363839269,0.0214258632622659,
,,,-0.01218,1.04585465043783,0.00132535863667727,
,,,-0.012122,1.00565363839269,0.00132535863667727,
,,,-0.012064,0.925251614302397,-0.00269474228844047,
,,,-0.012006,0.965452626347542,0.00132535863667727,
,,,-0.011948,0.965452626347542,0.00936556048691273,
,,,-0.01189,0.925251614302397,0.0133856614120305,
,,,-0.011832,0.925251614302397,0.00132535863667727,
,,,-0.011774,0.925251614302397,0.00936556048691273,
,,,-0.011716,0.885050602257252,0.0174057623371482,
,,,-0.011658,0.844849590212107,0.0133856614120305,
,,,-0.0116,0.844849590212107,0.0174057623371482,
,,,-0.011542,0.885050602257252,0.00936556048691273,
,,,-0.011484,0.764447566121817,0.005345459561795,
,,,-0.011426,0.844849590212107,0.005345459561795,
,,,-0.011368,0.764447566121817,0.00132535863667727,
,,,-0.01131,0.804648578166962,0.00132535863667727,
,,,-0.011252,0.804648578166962,0.00132535863667727,
,,,-0.011194,0.724246554076672,0.005345459561795,
,,,-0.011136,0.684045542031527,0.00936556048691273,
,,,-0.011078,0.724246554076672,0.00132535863667727,
,,,-0.01102,0.684045542031527,0.0174057623371482,
,,,-0.010962,0.643844529986382,0.005345459561795,
,,,-0.010904,0.684045542031527,0.005345459561795,
,,,-0.010846,0.684045542031527,0.00936556048691273,
,,,-0.010788,0.643844529986382,-0.0067148432135582,
,,,-0.01073,0.603643517941237,-0.0067148432135582,
,,,-0.010672,0.603643517941237,0.00132535863667727,
,,,-0.010614,0.603643517941237,0.00936556048691273,
,,,-0.010556,0.603643517941237,0.005345459561795,
,,,-0.010498,0.523241493850946,0.00936556048691273,
,,,-0.01044,0.523241493850946,-0.00269474228844047,
,,,-0.010382,0.563442505896091,0.00936556048691273,
,,,-0.010324,0.523241493850946,0.005345459561795,
,,,-0.010266,0.483040481805801,0.00132535863667727,
,,,-0.010208,0.442839469760656,0.0133856614120305,
,,,-0.01015,0.442839469760656,0.00936556048691273,
,,,-0.010092,0.442839469760656,0.005345459561795,
,,,-0.010034,0.402638457715511,0.0214258632622659,
,,,-0.009976,0.402638457715511,0.121928386390209,
,,,-0.009918,0.402638457715511,0.178209799341857,
,,,-0.00986,0.362437445670366,0.0616268725134432,
,,,-0.009802,0.402638457715511,0.005345459561795,
,,,-0.009744,0.322236433625221,0.00132535863667727,
,,,-0.009686,0.362437445670366,-0.0147550450637937,
,,,-0.009628,0.282035421580076,-0.0187751459889114,
,,,-0.00957,0.322236433625221,-0.0147550450637937,
,,,-0.009512,0.282035421580076,-0.0107349441386759,
,,,-0.009454,0.282035421580076,-0.0147550450637937,
,,,-0.009396,0.282035421580076,-0.0187751459889114,
,,,-0.009338,0.241834409534931,-0.0147550450637937,
,,,-0.00928,0.201633397489786,-0.0147550450637937,
,,,-0.009222,0.201633397489786,-0.0147550450637937,
,,,-0.009164,0.201633397489786,-0.0227952469140291,
,,,-0.009106,0.161432385444641,-0.0227952469140291,
,,,-0.009048,0.201633397489786,-0.0268153478391469,
,,,-0.00899,0.121231373399496,-0.0268153478391469,
,,,-0.008932,0.121231373399496,-0.0187751459889114,
,,,-0.008874,0.121231373399496,-0.0227952469140291,
,,,-0.008816,0.121231373399496,-0.0227952469140291,
,,,-0.008758,0.121231373399496,-0.0187751459889114,
,,,-0.0087,0.081030361354351,-0.0388756506145,
,,,-0.008642,0.040829349309206,-0.0268153478391469,
,,,-0.008584,0.000628337264060974,-0.0268153478391469,
,,,-0.008526,0.000628337264060974,-0.0268153478391469,
,,,-0.008468,0.000628337264060974,-0.0227952469140291,
,,,-0.00841,0.040829349309206,-0.0348555496893823,
,,,-0.008352,0.000628337264060974,-0.0428957515396178,
,,,-0.008294,-0.0395726747810841,-0.0388756506145,
,,,-0.008236,-0.0797736868262291,-0.0428957515396178,
,,,-0.008178,-0.0797736868262291,-0.0308354487642646,
,,,-0.00812,-0.0797736868262291,-0.0469158524647355,
,,,-0.008062,-0.119974698871374,-0.0348555496893823,
,,,-0.008004,-0.119974698871374,-0.0308354487642646,
,,,-0.007946,-0.0797736868262291,-0.0388756506145,
,,,-0.007888,-0.160175710916519,-0.0428957515396178,
,,,-0.00783,-0.200376722961664,-0.0428957515396178,
,,,-0.007772,-0.160175710916519,-0.0428957515396178,
,,,-0.007714,-0.160175710916519,-0.0469158524647355,
,,,-0.007656,-0.200376722961664,-0.0469158524647355,
,,,-0.007598,-0.200376722961664,-0.0509359533898532,
,,,-0.00754,-0.240577735006809,-0.0428957515396178,
,,,-0.007482,-0.240577735006809,-0.0428957515396178,
,,,-0.007424,-0.240577735006809,-0.0308354487642646,
,,,-0.007366,-0.280778747051954,-0.0348555496893823,
,,,-0.007308,-0.280778747051954,-0.0428957515396178,
,,,-0.00725,-0.280778747051954,-0.0348555496893823,
,,,-0.007192,-0.280778747051954,-0.0308354487642646,
,,,-0.007134,-0.320979759097099,-0.0308354487642646,
,,,-0.007076,-0.320979759097099,-0.0388756506145,
,,,-0.007018,-0.361180771142244,-0.0348555496893823,
,,,-0.00696,-0.361180771142244,-0.0469158524647355,
,,,-0.006902,-0.401381783187389,-0.0308354487642646,
,,,-0.006844,-0.361180771142244,-0.0469158524647355,
,,,-0.006786,-0.361180771142244,-0.0348555496893823,
,,,-0.006728,-0.401381783187389,-0.0348555496893823,
,,,-0.00667,-0.361180771142244,-0.0388756506145,
,,,-0.006612,-0.361180771142244,-0.0227952469140291,
,,,-0.006554,-0.441582795232534,-0.0308354487642646,
,,,-0.006496,-0.401381783187389,-0.0268153478391469,
,,,-0.006438,-0.521984819322824,-0.0107349441386759,
,,,-0.00638,-0.481783807277679,0.0133856614120305,
,,,-0.006322,-0.521984819322824,0.04956656973809,
,,,-0.006264,-0.441582795232534,0.121928386390209,
,,,-0.006206,-0.441582795232534,0.17418969841674,
,,,-0.006148,-0.481783807277679,0.121928386390209,
,,,-0.00609,-0.521984819322824,0.0334861660376191,
,,,-0.006032,-0.521984819322824,0.00132535863667727,
,,,-0.005974,-0.481783807277679,-0.0147550450637937,
,,,-0.005916,-0.521984819322824,-0.0388756506145,
,,,-0.005858,-0.521984819322824,-0.0388756506145,
,,,-0.0058,-0.56218583136797,-0.0428957515396178,
,,,-0.005742,-0.56218583136797,-0.0509359533898532,
,,,-0.005684,-0.56218583136797,-0.0428957515396178,
,,,-0.005626,-0.521984819322824,-0.0469158524647355,
,,,-0.005568,-0.602386843413115,-0.0388756506145,
,,,-0.00551,-0.521984819322824,-0.0388756506145,
,,,-0.005452,-0.56218583136797,-0.0428957515396178,
,,,-0.005394,-0.56218583136797,-0.0428957515396178,
,,,-0.005336,-0.521984819322824,-0.0388756506145,
,,,-0.005278,-0.56218583136797,-0.0268153478391469,
,,,-0.00522,-0.56218583136797,-0.0428957515396178,
,,,-0.005162,-0.56218583136797,-0.0308354487642646,
,,,-0.005104,-0.56218583136797,-0.0268153478391469,
,,,-0.005046,-0.56218583136797,-0.0388756506145,
,,,-0.004988,-0.56218583136797,-0.0388756506145,
,,,-0.00493,-0.602386843413115,-0.0388756506145,
,,,-0.004872,-0.56218583136797,-0.0268153478391469,
,,,-0.004814,-0.602386843413115,-0.0348555496893823,
,,,-0.004756,-0.602386843413115,-0.0348555496893823,
,,,-0.004698,-0.602386843413115,-0.0308354487642646,
,,,-0.00464,-0.602386843413115,-0.0187751459889114,
,,,-0.004582,-0.602386843413115,-0.0348555496893823,
,,,-0.004524,-0.56218583136797,-0.0227952469140291,
,,,-0.004466,-0.56218583136797,-0.0268153478391469,
,,,-0.004408,-0.602386843413115,-0.0388756506145,
,,,-0.00435,-0.56218583136797,-0.0348555496893823,
,,,-0.004292,-0.56218583136797,-0.0268153478391469,
,,,-0.004234,-0.521984819322824,-0.0308354487642646,
,,,-0.004176,-0.56218583136797,-0.0227952469140291,
,,,-0.004118,-0.521984819322824,-0.0227952469140291,
,,,-0.00406,-0.521984819322824,-0.0308354487642646,
,,,-0.004002,-0.521984819322824,-0.0227952469140291,
,,,-0.003944,-0.521984819322824,-0.0147550450637937,
,,,-0.003886,-0.521984819322824,-0.0268153478391469,
,,,-0.003828,-0.521984819322824,-0.0067148432135582,
,,,-0.00377,-0.521984819322824,-0.0187751459889114,
,,,-0.003712,-0.521984819322824,-0.0067148432135582,
,,,-0.003654,-0.481783807277679,-0.0067148432135582,
,,,-0.003596,-0.481783807277679,-0.00269474228844047,
,,,-0.003538,-0.521984819322824,0.0254459641873837,
,,,-0.00348,-0.521984819322824,0.0535866706632078,
,,,-0.003422,-0.481783807277679,0.0736871752887964,
,,,-0.003364,-0.481783807277679,0.125948487315327,
,,,-0.003306,-0.56218583136797,0.17418969841674,
,,,-0.003248,-0.481783807277679,0.182229900266975,
,,,-0.00319,-0.441582795232534,0.13800879009068,
,,,-0.003132,-0.481783807277679,0.0817273771390319,
,,,-0.003074,-0.441582795232534,0.0375062669627368,
,,,-0.003016,-0.441582795232534,-0.0107349441386759,
,,,-0.002958,-0.481783807277679,-0.0147550450637937,
,,,-0.0029,-0.481783807277679,-0.0268153478391469,
,,,-0.002842,-0.401381783187389,-0.0348555496893823,
,,,-0.002784,-0.401381783187389,-0.0428957515396178,
,,,-0.002726,-0.401381783187389,-0.0469158524647355,
,,,-0.002668,-0.401381783187389,-0.0428957515396178,
,,,-0.00261,-0.401381783187389,-0.0469158524647355,
,,,-0.002552,-0.401381783187389,-0.054956054314971,
,,,-0.002494,-0.401381783187389,-0.0469158524647355,
,,,-0.002436,-0.361180771142244,-0.0509359533898532,
,,,-0.002378,-0.361180771142244,-0.0388756506145,
,,,-0.00232,-0.361180771142244,-0.0589761552400887,
,,,-0.002262,-0.361180771142244,-0.0509359533898532,
,,,-0.002204,-0.361180771142244,-0.0509359533898532,
,,,-0.002146,-0.280778747051954,-0.0428957515396178,
,,,-0.002088,-0.320979759097099,-0.0509359533898532,
,,,-0.00203,-0.320979759097099,-0.054956054314971,
,,,-0.001972,-0.320979759097099,-0.0509359533898532,
,,,-0.001914,-0.240577735006809,-0.0469158524647355,
,,,-0.001856,-0.200376722961664,-0.0509359533898532,
,,,-0.001798,-0.200376722961664,-0.054956054314971,
,,,-0.00174,-0.240577735006809,-0.0469158524647355,
,,,-0.001682,-0.200376722961664,-0.0428957515396178,
,,,-0.001624,-0.200376722961664,-0.0428957515396178,
,,,-0.001566,-0.200376722961664,-0.0348555496893823,
,,,-0.001508,-0.160175710916519,-0.0388756506145,
,,,-0.00145,-0.160175710916519,-0.0469158524647355,
,,,-0.001392,-0.160175710916519,-0.0509359533898532,
,,,-0.001334,-0.119974698871374,-0.0509359533898532,
,,,-0.001276,-0.0797736868262291,-0.0348555496893823,
,,,-0.001218,-0.119974698871374,-0.0469158524647355,
,,,-0.00116,-0.0797736868262291,-0.0469158524647355,
,,,-0.001102,-0.0395726747810841,-0.0388756506145,
,,,-0.001044,-0.0395726747810841,-0.0348555496893823,
,,,-0.000986000000000001,-0.0395726747810841,-0.0268153478391469,
,,,-0.000928000000000002,0.000628337264060974,-0.0348555496893823,
,,,-0.000870000000000003,0.040829349309206,-0.0348555496893823,
,,,-0.000812,0.040829349309206,-0.0348555496893823,
,,,-0.000754000000000001,0.040829349309206,-0.0428957515396178,
,,,-0.000696000000000002,0.081030361354351,-0.0388756506145,
,,,-0.000638000000000003,0.121231373399496,-0.0308354487642646,
,,,-0.000580000000000001,0.121231373399496,-0.0268153478391469,
,,,-0.000522000000000002,0.081030361354351,-0.0428957515396178,
,,,-0.000464000000000003,0.161432385444641,-0.0348555496893823,
,,,-0.000406,0.121231373399496,-0.0308354487642646,
,,,-0.000348000000000001,0.201633397489786,-0.0348555496893823,
,,,-0.000290000000000002,0.201633397489786,-0.0348555496893823,
,,,-0.000232000000000003,0.201633397489786,-0.0268153478391469,
,,,-0.000174000000000001,0.201633397489786,-0.0348555496893823,
,,,-0.000116000000000002,0.241834409534931,-0.0348555496893823,
,,,-5.80000000000025E-05,0.282035421580076,-0.0348555496893823,
,,,0,0.241834409534931,-0.0187751459889114,
,,,5.7999999999999E-05,0.282035421580076,-0.0308354487642646,
,,,0.000115999999999998,0.282035421580076,-0.0268153478391469,
,,,0.000173999999999997,0.322236433625221,-0.0107349441386759,
,,,0.000232,0.362437445670366,-0.0187751459889114,
,,,0.000289999999999999,0.322236433625221,-0.0187751459889114,
,,,0.000347999999999998,0.362437445670366,0.005345459561795,
,,,0.000406,0.362437445670366,0.04956656973809,
,,,0.000463999999999999,0.402638457715511,0.17418969841674,
,,,0.000521999999999998,0.402638457715511,0.0937876799143851,
,,,0.000579999999999997,0.442839469760656,-0.0067148432135582,
,,,0.000638,0.483040481805801,-0.0147550450637937,
,,,0.000695999999999999,0.483040481805801,-0.0187751459889114,
,,,0.000753999999999998,0.523241493850946,-0.0268153478391469,
,,,0.000811999999999997,0.523241493850946,-0.0308354487642646,
,,,0.000869999999999999,0.523241493850946,-0.0147550450637937,
,,,0.000927999999999998,0.563442505896091,-0.0147550450637937,
,,,0.000985999999999997,0.563442505896091,-0.0107349441386759,
,,,0.001044,0.563442505896091,-0.0147550450637937,
,,,0.001102,0.603643517941237,-0.0187751459889114,
,,,0.00116,0.603643517941237,-0.0107349441386759,
,,,0.001218,0.603643517941237,-0.0107349441386759,
,,,0.001276,0.643844529986382,-0.0107349441386759,
,,,0.001334,0.643844529986382,-0.0147550450637937,
,,,0.001392,0.684045542031527,-0.0067148432135582,
,,,0.00145,0.684045542031527,0.005345459561795,
,,,0.001508,0.724246554076672,-0.0107349441386759,
,,,0.001566,0.724246554076672,0.00936556048691273,
,,,0.001624,0.724246554076672,-0.0067148432135582,
,,,0.001682,0.764447566121817,0.005345459561795,
,,,0.00174,0.764447566121817,0.0133856614120305,
,,,0.001798,0.764447566121817,0.0174057623371482,
,,,0.001856,0.804648578166962,0.005345459561795,
,,,0.001914,0.844849590212107,0.005345459561795,
,,,0.001972,0.804648578166962,0.00936556048691273,
,,,0.00203,0.844849590212107,0.0174057623371482,
,,,0.002088,0.844849590212107,0.0133856614120305,
,,,0.002146,0.885050602257252,0.0174057623371482,
,,,0.002204,0.844849590212107,0.0174057623371482,
,,,0.002262,0.885050602257252,0.0174057623371482,
,,,0.00232,0.885050602257252,0.0254459641873837,
,,,0.002378,0.925251614302397,0.0174057623371482,
,,,0.002436,0.925251614302397,0.0174057623371482,
,,,0.002494,0.965452626347542,0.0294660651125014,
,,,0.002552,0.965452626347542,0.0214258632622659,
,,,0.00261,0.925251614302397,0.0174057623371482,
,,,0.002668,0.965452626347542,0.0294660651125014,
,,,0.002726,1.04585465043783,0.0254459641873837,
,,,0.002784,1.00565363839269,0.0254459641873837,
,,,0.002842,1.00565363839269,0.0294660651125014,
,,,0.0029,1.00565363839269,0.0254459641873837,
,,,0.002958,1.04585465043783,0.0294660651125014,
,,,0.003016,1.04585465043783,0.0214258632622659,
,,,0.003074,1.08605566248298,0.0334861660376191,
,,,0.003132,1.08605566248298,0.0375062669627368,
,,,0.00319,1.04585465043783,0.0334861660376191,
,,,0.003248,1.12625667452812,0.0375062669627368,
,,,0.003306,1.12625667452812,0.0375062669627368,
,,,0.003364,1.12625667452812,0.0415263678878546,
,,,0.003422,1.08605566248298,0.0375062669627368,
,,,0.00348,1.16645768657327,0.0334861660376191,
,,,0.003538,1.16645768657327,0.0375062669627368,
,,,0.003596,1.16645768657327,0.0375062669627368,
,,,0.003654,1.20665869861841,0.0375062669627368,
,,,0.003712,1.20665869861841,0.0294660651125014,
,,,0.00377,1.20665869861841,0.0415263678878546,
,,,0.003828,1.16645768657327,0.0294660651125014,
,,,0.003886,1.20665869861841,0.0294660651125014,
,,,0.003944,1.20665869861841,0.0334861660376191,
,,,0.004002,1.20665869861841,0.0415263678878546,
,,,0.00406,1.20665869861841,0.0375062669627368,
,,,0.004118,1.20665869861841,0.0294660651125014,
,,,0.004176,1.20665869861841,0.0334861660376191,
,,,0.004234,1.20665869861841,0.0334861660376191,
,,,0.004292,1.24685971066356,0.0415263678878546,
,,,0.00435,1.20665869861841,0.0294660651125014,
,,,0.004408,1.24685971066356,0.0294660651125014,
,,,0.004466,1.20665869861841,0.0254459641873837,
,,,0.004524,1.24685971066356,0.0334861660376191,
,,,0.004582,1.24685971066356,0.0415263678878546,
,,,0.00464,1.20665869861841,0.0294660651125014,
,,,0.004698,1.24685971066356,0.0334861660376191,
,,,0.004756,1.24685971066356,0.0415263678878546,
,,,0.004814,1.24685971066356,0.0334861660376191,
,,,0.004872,1.24685971066356,0.0254459641873837,
,,,0.00493,1.2870607227087,0.0375062669627368,
,,,0.004988,1.2870607227087,0.0415263678878546,
,,,0.005046,1.24685971066356,0.0254459641873837,
,,,0.005104,1.2870607227087,0.0214258632622659,
,,,0.005162,1.2870607227087,0.0254459641873837,
,,,0.00522,1.20665869861841,0.0334861660376191,
,,,0.005278,1.24685971066356,0.0214258632622659,
,,,0.005336,1.20665869861841,0.0375062669627368,
,,,0.005394,1.24685971066356,0.0254459641873837,
,,,0.005452,1.20665869861841,0.0214258632622659,
,,,0.00551,1.20665869861841,0.0133856614120305,
,,,0.005568,1.24685971066356,0.0294660651125014,
,,,0.005626,1.24685971066356,0.0254459641873837,
,,,0.005684,1.20665869861841,0.0294660651125014,
,,,0.005742,1.24685971066356,0.0174057623371482,
,,,0.0058,1.24685971066356,0.0214258632622659,
,,,0.005858,1.20665869861841,0.0174057623371482,
,,,0.005916,1.20665869861841,0.0214258632622659,
,,,0.005974,1.20665869861841,0.0254459641873837,
,,,0.006032,1.20665869861841,0.0294660651125014,
,,,0.00609,1.20665869861841,0.0214258632622659,
,,,0.006148,1.16645768657327,0.0214258632622659,
,,,0.006206,1.20665869861841,0.0294660651125014,
,,,0.006264,1.16645768657327,0.0254459641873837,
,,,0.006322,1.16645768657327,0.0133856614120305,
,,,0.00638,1.20665869861841,0.0254459641873837,
,,,0.006438,1.16645768657327,0.0133856614120305,
,,,0.006496,1.16645768657327,0.0214258632622659,
,,,0.006554,1.12625667452812,0.0214258632622659,
,,,0.006612,1.12625667452812,0.0133856614120305,
,,,0.00667,1.12625667452812,0.0294660651125014,
,,,0.006728,1.12625667452812,0.0294660651125014,
,,,0.006786,1.12625667452812,0.0254459641873837,
,,,0.006844,1.08605566248298,0.00936556048691273,
,,,0.006902,1.08605566248298,0.00936556048691273,
,,,0.00696,1.08605566248298,0.0254459641873837,
,,,0.007018,1.08605566248298,0.0254459641873837,
,,,0.007076,1.12625667452812,0.0214258632622659,
,,,0.007134,1.12625667452812,0.0133856614120305,
,,,0.007192,1.08605566248298,0.00936556048691273,
,,,0.00725,1.08605566248298,0.00936556048691273,
,,,0.007308,1.08605566248298,0.0133856614120305,
,,,0.007366,1.08605566248298,0.0214258632622659,
,,,0.007424,1.08605566248298,0.0133856614120305,
,,,0.007482,1.08605566248298,0.005345459561795,
,,,0.00754,1.04585465043783,0.0133856614120305,
,,,0.007598,1.08605566248298,0.0133856614120305,
,,,0.007656,1.04585465043783,0.0254459641873837,
,,,0.007714,1.00565363839269,0.00936556048691273,
,,,0.007772,1.00565363839269,0.0214258632622659,
,,,0.00783,1.00565363839269,0.005345459561795,
,,,0.007888,1.00565363839269,0.0133856614120305,
,,,0.007946,0.965452626347542,0.00132535863667727,
,,,0.008004,0.965452626347542,0.0133856614120305,
,,,0.008062,0.965452626347542,0.00936556048691273,
,,,0.00812,0.925251614302397,0.005345459561795,
,,,0.008178,0.885050602257252,0.005345459561795,
,,,0.008236,0.885050602257252,0.00132535863667727,
,,,0.008294,0.844849590212107,0.00936556048691273,
,,,0.008352,0.885050602257252,0.0133856614120305,
,,,0.00841,0.844849590212107,0.00936556048691273,
,,,0.008468,0.844849590212107,0.005345459561795,
,,,0.008526,0.844849590212107,0.005345459561795,
,,,0.008584,0.804648578166962,0.005345459561795,
,,,0.008642,0.764447566121817,0.00936556048691273,
,,,0.0087,0.764447566121817,0.005345459561795,
,,,0.008758,0.764447566121817,-0.00269474228844047,
,,,0.008816,0.764447566121817,0.00936556048691273,
,,,0.008874,0.724246554076672,0.0133856614120305,
,,,0.008932,0.724246554076672,0.00132535863667727,
,,,0.00899,0.724246554076672,0.00132535863667727,
,,,0.009048,0.684045542031527,0.00936556048691273,
,,,0.009106,0.643844529986382,0.00132535863667727,
,,,0.009164,0.643844529986382,0.0174057623371482,
,,,0.009222,0.603643517941237,-0.00269474228844047,
,,,0.00928,0.603643517941237,0.00936556048691273,
,,,0.009338,0.603643517941237,0.0133856614120305,
,,,0.009396,0.603643517941237,0.005345459561795,
,,,0.009454,0.563442505896091,0.00132535863667727,
,,,0.009512,0.523241493850946,-0.00269474228844047,
,,,0.00957,0.563442505896091,-0.00269474228844047,
,,,0.009628,0.523241493850946,-0.0107349441386759,
,,,0.009686,0.523241493850946,-0.00269474228844047,
,,,0.009744,0.523241493850946,0.0133856614120305,
,,,0.009802,0.442839469760656,-0.00269474228844047,
,,,0.00986,0.442839469760656,0.005345459561795,
,,,0.009918,0.402638457715511,0.0133856614120305,
,,,0.009976,0.402638457715511,0.0455464688129723,
,,,0.010034,0.402638457715511,0.178209799341857,
,,,0.010092,0.402638457715511,0.125948487315327,
,,,0.01015,0.362437445670366,0.0294660651125014,
,,,0.010208,0.362437445670366,-0.0067148432135582,
,,,0.010266,0.402638457715511,-0.0107349441386759,
,,,0.010324,0.322236433625221,-0.0147550450637937,
,,,0.010382,0.362437445670366,-0.0187751459889114,
,,,0.01044,0.282035421580076,-0.0308354487642646,
,,,0.010498,0.282035421580076,-0.0227952469140291,
,,,0.010556,0.241834409534931,-0.0187751459889114,
,,,0.010614,0.241834409534931,-0.0227952469140291,
,,,0.010672,0.241834409534931,-0.0268153478391469,
,,,0.01073,0.201633397489786,-0.0187751459889114,
,,,0.010788,0.201633397489786,-0.0268153478391469,
,,,0.010846,0.201633397489786,-0.0308354487642646,
,,,0.010904,0.201633397489786,-0.0308354487642646,
,,,0.010962,0.121231373399496,-0.0388756506145,
,,,0.01102,0.121231373399496,-0.0268153478391469,
,,,0.011078,0.121231373399496,-0.0268153478391469,
,,,0.011136,0.081030361354351,-0.0348555496893823,
,,,0.011194,0.081030361354351,-0.0187751459889114,
,,,0.011252,0.040829349309206,-0.0268153478391469,
,,,0.01131,0.040829349309206,-0.0268153478391469,
,,,0.011368,0.081030361354351,-0.0428957515396178,
,,,0.011426,0.040829349309206,-0.0268153478391469,
,,,0.011484,0.000628337264060974,-0.0268153478391469,
,,,0.011542,-0.0395726747810841,-0.0308354487642646,
,,,0.0116,0.000628337264060974,-0.0388756506145,
,,,0.011658,-0.0395726747810841,-0.0428957515396178,
,,,0.011716,-0.0797736868262291,-0.0348555496893823,
,,,0.011774,0.000628337264060974,-0.0428957515396178,
,,,0.011832,-0.0797736868262291,-0.0469158524647355,
,,,0.01189,-0.0797736868262291,-0.0308354487642646,
,,,0.011948,-0.0797736868262291,-0.0348555496893823,
,,,0.012006,-0.0797736868262291,-0.0268153478391469,
,,,0.012064,-0.119974698871374,-0.0348555496893823,
,,,0.012122,-0.119974698871374,-0.0308354487642646,
,,,0.01218,-0.160175710916519,-0.0388756506145,
,,,0.012238,-0.160175710916519,-0.0388756506145,
,,,0.012296,-0.160175710916519,-0.0348555496893823,
,,,0.012354,-0.200376722961664,-0.0348555496893823,
,,,0.012412,-0.200376722961664,-0.0428957515396178,
,,,0.01247,-0.240577735006809,-0.0348555496893823,
,,,0.012528,-0.240577735006809,-0.0268153478391469,
,,,0.012586,-0.240577735006809,-0.0428957515396178,
,,,0.012644,-0.240577735006809,-0.0348555496893823,
,,,0.012702,-0.320979759097099,-0.0428957515396178,
,,,0.01276,-0.280778747051954,-0.0388756506145,
,,,0.012818,-0.280778747051954,-0.0469158524647355,
,,,0.012876,-0.320979759097099,-0.0268153478391469,
,,,0.012934,-0.320979759097099,-0.0428957515396178,
,,,0.012992,-0.320979759097099,-0.0388756506145,
,,,0.01305,-0.361180771142244,-0.0428957515396178,
,,,0.013108,-0.361180771142244,-0.0428957515396178,
,,,0.013166,-0.361180771142244,-0.0388756506145,
,,,0.013224,-0.401381783187389,-0.0428957515396178,
,,,0.013282,-0.401381783187389,-0.0388756506145,
,,,0.01334,-0.441582795232534,-0.0308354487642646,
,,,0.013398,-0.401381783187389,-0.0308354487642646,
,,,0.013456,-0.401381783187389,-0.0227952469140291,
,,,0.013514,-0.441582795232534,-0.0308354487642646,
,,,0.013572,-0.481783807277679,-0.0187751459889114,
,,,0.01363,-0.481783807277679,0.0174057623371482,
,,,0.013688,-0.441582795232534,0.0616268725134432,
,,,0.013746,-0.481783807277679,0.146048991940916,
,,,0.013804,-0.521984819322824,0.166149496566504,
,,,0.013862,-0.521984819322824,0.0817273771390319,
,,,0.01392,-0.481783807277679,0.0334861660376191,
,,,0.013978,-0.521984819322824,-0.0107349441386759,
,,,0.014036,-0.56218583136797,-0.0348555496893823,
,,,0.014094,-0.521984819322824,-0.0268153478391469,
,,,0.014152,-0.481783807277679,-0.0348555496893823,
,,,0.01421,-0.56218583136797,-0.0469158524647355,
,,,0.014268,-0.521984819322824,-0.0428957515396178,
,,,0.014326,-0.521984819322824,-0.0509359533898532,
,,,0.014384,-0.602386843413115,-0.0388756506145,
,,,0.014442,-0.56218583136797,-0.0388756506145,
,,,0.0145,-0.521984819322824,-0.0388756506145,
,,,0.014558,-0.602386843413115,-0.0428957515396178,
,,,0.014616,-0.521984819322824,-0.0348555496893823,
,,,0.014674,-0.56218583136797,-0.0268153478391469,
,,,0.014732,-0.56218583136797,-0.0308354487642646,
,,,0.01479,-0.56218583136797,-0.0348555496893823,
,,,0.014848,-0.64258785545826,-0.0308354487642646,
,,,0.014906,-0.602386843413115,-0.0428957515396178,
,,,0.014964,-0.602386843413115,-0.0388756506145,
,,,0.015022,-0.602386843413115,-0.0227952469140291,
,,,0.01508,-0.56218583136797,-0.0268153478391469,
,,,0.015138,-0.602386843413115,-0.0348555496893823,
,,,0.015196,-0.56218583136797,-0.0308354487642646,
,,,0.015254,-0.56218583136797,-0.0227952469140291,
,,,0.015312,-0.56218583136797,-0.0388756506145,
,,,0.01537,-0.56218583136797,-0.0348555496893823,
,,,0.015428,-0.56218583136797,-0.0227952469140291,
,,,0.015486,-0.521984819322824,-0.0388756506145,
,,,0.015544,-0.56218583136797,-0.0268153478391469,
,,,0.015602,-0.56218583136797,-0.0227952469140291,
,,,0.01566,-0.56218583136797,-0.0308354487642646,
,,,0.015718,-0.56218583136797,-0.0308354487642646,
,,,0.015776,-0.56218583136797,-0.0268153478391469,
,,,0.015834,-0.56218583136797,-0.0227952469140291,
,,,0.015892,-0.481783807277679,-0.0147550450637937,
,,,0.01595,-0.481783807277679,-0.0348555496893823,
,,,0.016008,-0.521984819322824,-0.0147550450637937,
,,,0.016066,-0.56218583136797,-0.0268153478391469,
,,,0.016124,-0.521984819322824,-0.0147550450637937,
,,,0.016182,-0.521984819322824,-0.0227952469140291,
,,,0.01624,-0.521984819322824,-0.0227952469140291,
,,,0.016298,-0.56218583136797,-0.0067148432135582,
,,,0.016356,-0.521984819322824,-0.00269474228844047,
,,,0.016414,-0.521984819322824,0.00936556048691273,
,,,0.016472,-0.481783807277679,0.0334861660376191,
,,,0.01653,-0.521984819322824,0.0535866706632078,
,,,0.016588,-0.521984819322824,0.0897675789892673,
,,,0.016646,-0.481783807277679,0.146048991940916,
,,,0.016704,-0.521984819322824,0.186250001192093,
,,,0.016762,-0.481783807277679,0.170169597491622,
,,,0.01682,-0.481783807277679,0.113888184539974,
,,,0.016878,-0.441582795232534,0.0535866706632078,
,,,0.016936,-0.441582795232534,0.0174057623371482,
,,,0.016994,-0.441582795232534,-0.0067148432135582,
,,,0.017052,-0.481783807277679,-0.0308354487642646,
,,,0.01711,-0.361180771142244,-0.0348555496893823,
,,,0.017168,-0.441582795232534,-0.0388756506145,
,,,0.017226,-0.441582795232534,-0.0428957515396178,
,,,0.017284,-0.441582795232534,-0.0348555496893823,
,,,0.017342,-0.401381783187389,-0.0428957515396178,
,,,0.0174,-0.401381783187389,-0.0469158524647355,
,,,0.017458,-0.401381783187389,-0.0589761552400887,
,,,0.017516,-0.401381783187389,-0.0469158524647355,
,,,0.017574,-0.401381783187389,-0.0469158524647355,
,,,0.017632,-0.361180771142244,-0.0428957515396178,
,,,0.01769,-0.361180771142244,-0.0469158524647355,
,,,0.017748,-0.401381783187389,-0.0428957515396178,
,,,0.017806,-0.361180771142244,-0.0509359533898532,
,,,0.017864,-0.320979759097099,-0.0469158524647355,
,,,0.017922,-0.320979759097099,-0.054956054314971,
,,,0.01798,-0.280778747051954,-0.0509359533898532,
,,,0.018038,-0.280778747051954,-0.0469158524647355,
,,,0.018096,-0.240577735006809,-0.0469158524647355,
,,,0.018154,-0.280778747051954,-0.0589761552400887,
,,,0.018212,-0.280778747051954,-0.0469158524647355,
,,,0.01827,-0.240577735006809,-0.054956054314971,
,,,0.018328,-0.160175710916519,-0.054956054314971,
,,,0.018386,-0.200376722961664,-0.0428957515396178,
,,,0.018444,-0.160175710916519,-0.0469158524647355,
,,,0.018502,-0.160175710916519,-0.0428957515396178,
,,,0.01856,-0.160175710916519,-0.0428957515396178,
,,,0.018618,-0.119974698871374,-0.0509359533898532,
,,,0.018676,-0.119974698871374,-0.054956054314971,
,,,0.018734,-0.119974698871374,-0.054956054314971,
,,,0.018792,-0.0395726747810841,-0.0469158524647355,
,,,0.01885,-0.0797736868262291,-0.054956054314971,
,,,0.018908,-0.0395726747810841,-0.0509359533898532,
,,,0.018966,0.000628337264060974,-0.0388756506145,
,,,0.019024,0.000628337264060974,-0.0469158524647355,
,,,0.019082,0.040829349309206,-0.0388756506145,
,,,0.01914,0.000628337264060974,-0.0428957515396178,
,,,0.019198,0.081030361354351,-0.0469158524647355,
,,,0.019256,0.081030361354351,-0.0388756506145,
,,,0.019314,0.081030361354351,-0.0388756506145,
,,,0.019372,0.081030361354351,-0.0469158524647355,
,,,0.01943,0.081030361354351,-0.0348555496893823,
,,,0.019488,0.161432385444641,-0.0348555496893823,
,,,0.019546,0.121231373399496,-0.0428957515396178,
,,,0.019604,0.161432385444641,-0.0308354487642646,
,,,0.019662,0.161432385444641,-0.0348555496893823,
,,,0.01972,0.201633397489786,-0.0388756506145,
,,,0.019778,0.161432385444641,-0.0268153478391469,
,,,0.019836,0.241834409534931,-0.0388756506145,
,,,0.019894,0.241834409534931,-0.0308354487642646,
,,,0.019952,0.282035421580076,-0.0227952469140291,
,,,0.02001,0.282035421580076,-0.0308354487642646,
,,,0.020068,0.282035421580076,-0.0268153478391469,
,,,0.020126,0.322236433625221,-0.0147550450637937,
,,,0.020184,0.322236433625221,-0.0187751459889114,
,,,0.020242,0.322236433625221,-0.0187751459889114,
,,,0.0203,0.322236433625221,-0.0147550450637937,
,,,0.020358,0.402638457715511,0.00936556048691273,
,,,0.020416,0.362437445670366,0.0777072762139142,
,,,0.020474,0.442839469760656,0.182229900266975,
,,,0.020532,0.442839469760656,0.0535866706632078,
,,,0.02059,0.483040481805801,-0.0107349441386759,
,,,0.020648,0.483040481805801,-0.0147550450637937,
,,,0.020706,0.483040481805801,-0.0107349441386759,
,,,0.020764,0.483040481805801,-0.0107349441386759,
,,,0.020822,0.523241493850946,-0.0187751459889114,
,,,0.02088,0.523241493850946,-0.0227952469140291,
,,,0.020938,0.523241493850946,-0.0107349441386759,
,,,0.020996,0.563442505896091,-0.0147550450637937,
,,,0.021054,0.523241493850946,-0.0067148432135582,
,,,0.021112,0.603643517941237,-0.0187751459889114,
,,,0.02117,0.603643517941237,0.00132535863667727,
,,,0.021228,0.603643517941237,-0.0107349441386759,
,,,0.021286,0.643844529986382,0.00132535863667727,
,,,0.021344,0.643844529986382,-0.00269474228844047,
,,,0.021402,0.684045542031527,-0.00269474228844047,
,,,0.02146,0.684045542031527,0.00132535863667727,
,,,0.021518,0.724246554076672,0.00132535863667727,
,,,0.021576,0.724246554076672,0.00132535863667727,
,,,0.021634,0.724246554076672,0.00936556048691273,
,,,0.021692,0.724246554076672,0.00132535863667727,
,,,0.02175,0.764447566121817,0.005345459561795,
,,,0.021808,0.804648578166962,-0.00269474228844047,
,,,0.021866,0.764447566121817,0.00936556048691273,
,,,0.021924,0.764447566121817,0.0133856614120305,
,,,0.021982,0.844849590212107,0.0133856614120305,
,,,0.02204,0.844849590212107,0.0133856614120305,
,,,0.022098,0.844849590212107,0.0174057623371482,
,,,0.022156,0.885050602257252,0.0214258632622659,
,,,0.022214,0.885050602257252,0.0174057623371482,
,,,0.022272,0.885050602257252,0.0214258632622659,
,,,0.02233,0.965452626347542,0.0214258632622659,
,,,0.022388,0.925251614302397,0.0214258632622659,
,,,0.022446,0.925251614302397,0.0174057623371482,
,,,0.022504,0.965452626347542,0.0294660651125014,
,,,0.022562,0.965452626347542,0.0294660651125014,
,,,0.02262,1.00565363839269,0.0254459641873837,
,,,0.022678,1.00565363839269,0.0294660651125014,
,,,0.022736,1.00565363839269,0.0254459641873837,
,,,0.022794,1.00565363839269,0.0334861660376191,
,,,0.022852,1.00565363839269,0.0334861660376191,
,,,0.02291,1.04585465043783,0.0334861660376191,
,,,0.022968,1.04585465043783,0.0254459641873837,
,,,0.023026,1.04585465043783,0.0334861660376191,
,,,0.023084,1.08605566248298,0.0375062669627368,
,,,0.023142,1.08605566248298,0.0254459641873837,
,,,0.0232,1.08605566248298,0.0214258632622659,
,,,0.023258,1.12625667452812,0.0294660651125014,
,,,0.023316,1.08605566248298,0.0334861660376191,
,,,0.023374,1.12625667452812,0.0375062669627368,
,,,0.023432,1.12625667452812,0.0214258632622659,
,,,0.02349,1.12625667452812,0.0334861660376191,
,,,0.023548,1.12625667452812,0.0254459641873837,
,,,0.023606,1.16645768657327,0.0415263678878546,
,,,0.023664,1.16645768657327,0.0415263678878546,
,,,0.023722,1.20665869861841,0.0455464688129723,
,,,0.02378,1.16645768657327,0.0415263678878546,
,,,0.023838,1.20665869861841,0.0254459641873837,
,,,0.023896,1.16645768657327,0.0294660651125014,
,,,0.023954,1.20665869861841,0.0294660651125014,
,,,0.024012,1.20665869861841,0.0294660651125014,
,,,0.02407,1.16645768657327,0.0254459641873837,
,,,0.024128,1.24685971066356,0.0334861660376191,
,,,0.024186,1.24685971066356,0.0375062669627368,
,,,0.024244,1.24685971066356,0.0334861660376191,
,,,0.024302,1.24685971066356,0.0294660651125014,
,,,0.02436,1.24685971066356,0.0294660651125014,
,,,0.024418,1.20665869861841,0.0254459641873837,
,,,0.024476,1.24685971066356,0.0334861660376191,
,,,0.024534,1.20665869861841,0.0334861660376191,
,,,0.024592,1.24685971066356,0.0415263678878546,
,,,0.02465,1.20665869861841,0.0455464688129723,
,,,0.024708,1.20665869861841,0.0375062669627368,
,,,0.024766,1.24685971066356,0.0375062669627368,
,,,0.024824,1.2870607227087,0.0254459641873837,
,,,0.024882,1.20665869861841,0.0294660651125014,
,,,0.02494,1.2870607227087,0.0415263678878546,
,,,0.024998,1.2870607227087,0.0334861660376191,
,,,0.025056,1.24685971066356,0.0334861660376191,
,,,0.025114,1.24685971066356,0.0254459641873837,
,,,0.025172,1.24685971066356,0.0334861660376191,
,,,0.02523,1.24685971066356,0.0334861660376191,
,,,0.025288,1.24685971066356,0.0174057623371482,
,,,0.025346,1.24685971066356,0.0294660651125014,
,,,0.025404,1.24685971066356,0.0214258632622659,
,,,0.025462,1.20665869861841,0.0334861660376191,
,,,0.02552,1.20665869861841,0.00936556048691273,
,,,0.025578,1.24685971066356,0.0254459641873837,
,,,0.025636,1.24685971066356,0.0294660651125014,
,,,0.025694,1.24685971066356,0.0174057623371482,
,,,0.025752,1.20665869861841,0.0214258632622659,
,,,0.02581,1.24685971066356,0.0214258632622659,
,,,0.025868,1.20665869861841,0.0334861660376191,
,,,0.025926,1.24685971066356,0.0294660651125014,
,,,0.025984,1.24685971066356,0.0294660651125014,
,,,0.026042,1.16645768657327,0.0214258632622659,
,,,0.0261,1.24685971066356,0.0294660651125014,
,,,0.026158,1.20665869861841,0.0133856614120305,
,,,0.026216,1.20665869861841,0.0254459641873837,
,,,0.026274,1.20665869861841,0.0214258632622659,
,,,0.026332,1.20665869861841,0.0214258632622659,
,,,0.02639,1.16645768657327,0.0133856614120305,
,,,0.026448,1.16645768657327,0.0174057623371482,
,,,0.026506,1.12625667452812,0.0174057623371482,
,,,0.026564,1.16645768657327,0.0294660651125014,
,,,0.026622,1.16645768657327,0.0254459641873837,
,,,0.02668,1.12625667452812,0.00936556048691273,
,,,0.026738,1.16645768657327,0.0133856614120305,
,,,0.026796,1.12625667452812,0.0254459641873837,
,,,0.026854,1.12625667452812,0.0133856614120305,
,,,0.026912,1.08605566248298,0.0214258632622659,
,,,0.02697,1.08605566248298,0.0133856614120305,
,,,0.027028,1.04585465043783,0.005345459561795,
,,,0.027086,1.08605566248298,0.00936556048691273,
,,,0.027144,1.12625667452812,0.0214258632622659,
,,,0.027202,1.08605566248298,0.0254459641873837,
,,,0.02726,1.12625667452812,0.00936556048691273,
,,,0.027318,1.00565363839269,0.005345459561795,
,,,0.027376,1.08605566248298,0.005345459561795,
,,,0.027434,1.00565363839269,0.0214258632622659,
,,,0.027492,1.04585465043783,0.0133856614120305,
,,,0.02755,1.00565363839269,0.00936556048691273,
,,,0.027608,1.04585465043783,0.0133856614120305,
,,,0.027666,1.04585465043783,0.0174057623371482,
,,,0.027724,1.00565363839269,0.0174057623371482,
,,,0.027782,1.00565363839269,0.00936556048691273,
,,,0.02784,0.965452626347542,0.005345459561795,
,,,0.027898,0.965452626347542,0.00936556048691273,
,,,0.027956,0.965452626347542,0.005345459561795,
,,,0.028014,0.925251614302397,0.00936556048691273,
,,,0.028072,0.925251614302397,0.005345459561795,
,,,0.02813,0.925251614302397,0.0133856614120305,
,,,0.028188,0.925251614302397,0.005345459561795,
,,,0.028246,0.885050602257252,0.00132535863667727,
,,,0.028304,0.885050602257252,0.00132535863667727,
,,,0.028362,0.885050602257252,-0.00269474228844047,
,,,0.02842,0.844849590212107,0.00936556048691273,
,,,0.028478,0.844849590212107,0.00936556048691273,
,,,0.028536,0.844849590212107,0.00936556048691273,
,,,0.028594,0.804648578166962,0.00132535863667727,
,,,0.028652,0.764447566121817,-0.00269474228844047,
,,,0.02871,0.764447566121817,0.005345459561795,
,,,0.028768,0.764447566121817,0.005345459561795,
,,,0.028826,0.724246554076672,-0.00269474228844047,
,,,0.028884,0.643844529986382,-0.00269474228844047,
,,,0.028942,0.724246554076672,-0.00269474228844047,
,,,0.029,0.684045542031527,-0.00269474228844047,
,,,0.029058,0.643844529986382,0.00936556048691273,
,,,0.029116,0.684045542031527,0.00936556048691273,
,,,0.029174,0.684045542031527,0.0133856614120305,
,,,0.029232,0.603643517941237,0.00132535863667727,
,,,0.02929,0.603643517941237,-0.00269474228844047,
,,,0.029348,0.563442505896091,0.00132535863667727,
,,,0.029406,0.563442505896091,-0.00269474228844047,
,,,0.029464,0.523241493850946,0.005345459561795,
,,,0.029522,0.523241493850946,-0.00269474228844047,
,,,0.02958,0.523241493850946,0.00132535863667727,
,,,0.029638,0.523241493850946,-0.00269474228844047,
,,,0.029696,0.523241493850946,0.00132535863667727,
,,,0.029754,0.483040481805801,0.00132535863667727,
,,,0.029812,0.523241493850946,0.00132535863667727,
,,,0.02987,0.483040481805801,0.0133856614120305,
,,,0.029928,0.442839469760656,0.0294660651125014,
,,,0.029986,0.402638457715511,0.0777072762139142,
,,,0.030044,0.402638457715511,0.214390707667917,
,,,0.030102,0.402638457715511,0.0777072762139142,
,,,0.03016,0.362437445670366,0.005345459561795,
,,,0.030218,0.322236433625221,-0.0107349441386759,
,,,0.030276,0.362437445670366,-0.0147550450637937,
,,,0.030334,0.322236433625221,-0.0147550450637937,
,,,0.030392,0.282035421580076,-0.0187751459889114,
,,,0.03045,0.282035421580076,-0.0067148432135582,
,,,0.030508,0.282035421580076,-0.0227952469140291,
,,,0.030566,0.282035421580076,-0.0187751459889114,
,,,0.030624,0.201633397489786,-0.0187751459889114,
,,,0.030682,0.201633397489786,-0.0147550450637937,
,,,0.03074,0.241834409534931,-0.0187751459889114,
,,,0.030798,0.161432385444641,-0.0227952469140291,
,,,0.030856,0.161432385444641,-0.0308354487642646,
,,,0.030914,0.121231373399496,-0.0308354487642646,
,,,0.030972,0.161432385444641,-0.0388756506145,
,,,0.03103,0.121231373399496,-0.0308354487642646,
,,,0.031088,0.161432385444641,-0.0187751459889114,
,,,0.031146,0.121231373399496,-0.0348555496893823,
,,,0.031204,0.121231373399496,-0.0308354487642646,
,,,0.031262,0.081030361354351,-0.0268153478391469,
,,,0.03132,0.040829349309206,-0.0388756506145,
,,,0.031378,0.040829349309206,-0.0308354487642646,
,,,0.031436,0.040829349309206,-0.0348555496893823,
,,,0.031494,0.040829349309206,-0.0268153478391469,
,,,0.031552,0.000628337264060974,-0.0348555496893823,
,,,0.03161,-0.0395726747810841,-0.0308354487642646,
,,,0.031668,-0.0797736868262291,-0.0428957515396178,
,,,0.031726,-0.0797736868262291,-0.0428957515396178,
,,,0.031784,-0.0797736868262291,-0.0308354487642646,
,,,0.031842,-0.119974698871374,-0.0428957515396178,
