Frank-Hertz Experiment		
		
Vr(V)= 1.5		
Cathode Heater Current (mA) = 320		
		 
Va(V)_1	Ia(E-12 A)_1	T(c)_1
0.00	15.17	170.42
0.01	15.11	170.42
0.02	15.31	170.42
0.03	15.32	170.42
0.04	15.47	170.42
0.05	14.84	170.42
0.06	15.08	170.42
0.07	15.11	170.42
0.08	15.28	170.42
0.09	16.24	170.42
0.10	15.18	170.41
0.11	15.18	170.41
0.12	15.05	170.41
0.13	15.13	170.41
0.14	15.45	170.41
0.15	15.26	170.41
0.16	15.28	170.41
0.17	15.42	170.41
0.18	15.31	170.41
0.19	15.50	170.42
0.20	15.10	170.42
0.21	15.38	170.42
0.22	15.44	170.42
0.23	14.98	170.42
0.24	15.22	170.42
0.25	15.36	170.42
0.26	15.47	170.42
0.27	15.04	170.43
0.28	15.52	170.43
0.29	15.39	170.43
0.30	15.37	170.43
0.31	15.20	170.42
0.32	15.55	170.42
0.33	15.26	170.43
0.34	15.27	170.43
0.35	15.41	170.43
0.36	15.52	170.43
0.37	15.40	170.43
0.38	15.17	170.43
0.39	15.49	170.43
0.40	15.01	170.43
0.41	15.26	170.42
0.42	15.29	170.42
0.43	15.51	170.42
0.44	15.11	170.42
0.45	15.45	170.41
0.46	15.46	170.41
0.47	15.28	170.41
0.48	15.30	170.41
0.49	15.51	170.42
0.50	15.32	170.42
0.51	15.40	170.43
0.52	15.36	170.43
0.53	15.50	170.43
0.54	15.33	170.43
0.55	15.43	170.43
0.56	15.47	170.43
0.57	15.32	170.43
0.58	15.46	170.43
0.59	15.58	170.42
0.60	15.48	170.42
0.61	15.49	170.42
0.62	15.35	170.42
0.63	15.30	170.41
0.64	15.00	170.41
0.65	15.47	170.40
0.66	15.58	170.40
0.67	15.59	170.39
0.68	15.32	170.39
0.69	15.19	170.39
0.70	15.48	170.38
0.71	15.66	170.38
0.72	16.38	170.37
0.73	15.14	170.37
0.74	14.92	170.36
0.75	15.79	170.36
0.76	15.93	170.36
0.77	15.46	170.36
0.78	15.49	170.35
0.79	15.78	170.35
0.80	15.34	170.34
0.81	15.34	170.34
0.82	15.79	170.34
0.83	15.21	170.34
0.84	15.48	170.34
0.85	15.42	170.34
0.86	15.59	170.33
0.87	15.12	170.33
0.88	16.01	170.33
0.89	15.56	170.33
0.90	15.62	170.32
0.91	16.39	170.32
0.92	15.59	170.32
0.93	15.43	170.32
0.94	15.50	170.32
0.95	15.35	170.32
0.96	14.95	170.32
0.97	15.36	170.32
0.98	15.41	170.32
0.99	15.45	170.32
1.00	15.59	170.33
1.01	15.67	170.33
1.02	15.63	170.33
1.03	15.71	170.33
1.04	15.42	170.32
1.05	15.67	170.32
1.06	15.72	170.33
1.07	15.53	170.33
1.08	15.25	170.32
1.09	15.61	170.32
1.10	13.51	170.33
1.11	15.71	170.33
1.12	15.09	170.34
1.13	15.48	170.34
1.14	14.63	170.34
1.15	16.70	170.34
1.16	15.84	170.34
1.17	15.64	170.34
1.18	15.17	170.34
1.19	15.72	170.34
1.20	15.73	170.34
1.21	15.56	170.34
1.22	15.82	170.34
1.23	20.86	170.34
1.24	15.63	170.34
1.25	15.63	170.34
1.26	15.71	170.34
1.27	15.68	170.34
1.28	15.53	170.34
1.29	15.73	170.33
1.30	15.77	170.33
1.31	15.54	170.32
1.32	15.77	170.32
1.33	15.67	170.32
1.34	15.66	170.32
1.35	15.58	170.31
1.36	15.64	170.31
1.37	15.81	170.31
1.38	15.54	170.31
1.39	15.77	170.31
1.40	15.77	170.31
1.41	15.60	170.30
1.42	15.56	170.30
1.43	15.80	170.31
1.44	15.78	170.31
1.45	15.59	170.31
1.46	15.75	170.31
1.47	15.86	170.31
1.48	15.79	170.31
1.49	15.60	170.31
1.50	15.73	170.31
1.51	15.84	170.31
1.52	15.69	170.31
1.53	15.81	170.31
1.54	15.56	170.31
1.55	15.79	170.31
1.56	15.75	170.31
1.57	15.75	170.30
1.58	15.61	170.30
1.59	15.75	170.31
1.60	16.02	170.31
1.61	15.80	170.30
1.62	15.55	170.30
1.63	15.81	170.30
1.64	15.99	170.30
1.65	15.79	170.29
1.66	15.75	170.29
1.67	15.89	170.29
1.68	16.06	170.29
1.69	15.60	170.28
1.70	15.65	170.28
1.71	15.85	170.28
1.72	15.67	170.28
1.73	15.71	170.27
1.74	15.87	170.27
1.75	15.98	170.27
1.76	15.75	170.27
1.77	15.58	170.26
1.78	15.98	170.26
1.79	15.79	170.26
1.80	15.53	170.26
1.81	15.75	170.26
1.82	15.96	170.24
1.83	15.82	170.24
1.84	15.77	170.25
1.85	15.60	170.25
1.86	15.87	170.25
1.87	15.69	170.25
1.88	15.69	170.24
1.89	15.95	170.24
1.90	15.78	170.25
1.91	15.62	170.25
1.92	16.85	170.24
1.93	15.79	170.24
1.94	15.83	170.23
1.95	15.86	170.23
1.96	15.47	170.22
1.97	15.05	170.22
1.98	6.88	170.22
1.99	16.62	170.22
2.00	139.66	170.23
2.01	15.79	170.23
2.02	15.86	170.21
2.03	15.84	170.21
2.04	15.83	170.21
2.05	15.73	170.21
2.06	15.91	170.20
2.07	15.72	170.20
2.08	15.70	170.20
2.09	15.78	170.20
2.10	15.96	170.19
2.11	15.82	170.19
2.12	15.69	170.18
2.13	15.92	170.18
2.14	15.86	170.18
2.15	15.65	170.18
2.16	15.68	170.18
2.17	16.03	170.18
2.18	15.89	170.17
2.19	15.73	170.17
2.20	15.78	170.18
2.21	15.94	170.18
2.22	15.74	170.17
2.23	15.84	170.17
2.24	15.89	170.18
2.25	15.88	170.18
2.26	15.85	170.18
2.27	15.89	170.18
2.28	15.95	170.18
2.29	15.83	170.18
2.30	15.89	170.19
2.31	15.87	170.19
2.32	15.94	170.18
2.33	15.79	170.18
2.34	15.92	170.18
2.35	15.88	170.18
2.36	15.95	170.18
2.37	15.82	170.17
2.38	15.72	170.17
2.39	15.81	170.17
2.40	15.83	170.17
2.41	15.81	170.18
2.42	16.02	170.18
2.43	15.93	170.18
2.44	15.80	170.18
2.45	15.96	170.18
2.46	15.90	170.18
2.47	15.94	170.18
2.48	15.92	170.18
2.49	15.87	170.19
2.50	15.78	170.19
2.51	15.86	170.18
2.52	15.88	170.18
2.53	15.89	170.18
2.54	15.86	170.18
2.55	15.91	170.18
2.56	15.92	170.18
2.57	15.89	170.18
2.58	16.01	170.18
2.59	15.79	170.17
2.60	16.03	170.17
2.61	15.84	170.17
2.62	15.84	170.17
2.63	15.89	170.17
2.64	15.91	170.17
2.65	15.95	170.16
2.66	15.91	170.16
2.67	15.94	170.16
2.68	15.93	170.16
2.69	15.99	170.16
2.70	15.75	170.16
2.71	15.86	170.15
2.72	15.81	170.15
2.73	15.81	170.16
2.74	15.89	170.16
2.75	15.88	170.16
2.76	16.20	170.16
2.77	15.81	170.16
2.78	15.81	170.16
2.79	15.96	170.15
2.80	16.01	170.15
2.81	15.94	170.15
2.82	15.88	170.15
2.83	15.89	170.15
2.84	15.91	170.15
2.85	15.94	170.15
2.86	16.05	170.15
2.87	15.39	170.15
2.88	15.88	170.15
2.89	15.90	170.15
2.90	16.07	170.15
2.91	16.03	170.15
2.92	15.84	170.15
2.93	15.90	170.16
2.94	15.90	170.16
2.95	16.04	170.16
2.96	15.89	170.16
2.97	16.06	170.16
2.98	15.85	170.16
2.99	15.84	170.16
3.00	15.97	170.16
3.01	15.98	170.16
3.02	15.76	170.17
3.03	15.97	170.17
3.04	15.98	170.17
3.05	15.92	170.17
3.06	15.75	170.17
3.07	16.07	170.17
3.08	15.96	170.17
3.09	15.92	170.17
3.10	15.95	170.16
3.11	16.03	170.16
3.12	15.76	170.16
3.13	15.96	170.16
3.14	16.13	170.16
3.15	15.91	170.16
3.16	16.02	170.15
3.17	15.95	170.15
3.18	15.95	170.15
3.19	15.83	170.15
3.20	15.83	170.15
3.21	16.04	170.15
3.22	15.84	170.14
3.23	15.79	170.14
3.24	16.05	170.14
3.25	16.08	170.14
3.26	15.87	170.14
3.27	15.69	170.14
3.28	16.07	170.14
3.29	15.78	170.14
3.30	15.83	170.14
3.31	15.90	170.14
3.32	16.06	170.14
3.33	16.05	170.14
3.34	15.79	170.14
3.35	16.12	170.14
3.36	16.03	170.15
3.37	15.81	170.15
3.38	15.97	170.15
3.39	16.21	170.15
3.40	15.82	170.14
3.41	15.90	170.14
3.42	16.17	170.14
3.43	15.96	170.14
3.44	15.69	170.15
3.45	15.87	170.15
3.46	16.00	170.14
3.47	15.73	170.14
3.48	15.76	170.15
3.49	16.11	170.15
3.50	15.96	170.14
3.51	15.73	170.14
3.52	15.97	170.14
3.53	16.08	170.13
3.54	15.79	170.13
3.55	15.99	170.13
3.56	15.64	170.13
3.57	15.74	170.13
3.58	15.85	170.13
3.59	15.98	170.12
3.60	15.77	170.12
3.61	15.69	170.12
3.62	16.13	170.12
3.63	15.98	170.12
3.64	15.70	170.12
3.65	15.96	170.12
3.66	15.99	170.12
3.67	15.81	170.11
3.68	15.89	170.11
3.69	16.03	170.10
3.70	15.87	170.10
3.71	15.86	170.10
3.72	15.92	170.10
3.73	15.92	170.11
3.74	15.96	170.11
3.75	15.88	170.11
3.76	15.95	170.11
3.77	16.00	170.11
3.78	15.84	170.11
3.79	15.91	170.11
3.80	15.97	170.11
3.81	15.71	170.11
3.82	15.89	170.11
3.83	16.00	170.11
3.84	15.91	170.11
3.85	15.85	170.11
3.86	15.97	170.11
3.87	15.94	170.11
3.88	15.68	170.11
3.89	15.85	170.12
3.90	16.10	170.12
3.91	15.88	170.11
3.92	15.83	170.11
3.93	15.95	170.11
3.94	15.79	170.11
3.95	15.91	170.11
3.96	15.84	170.11
3.97	15.88	170.11
3.98	15.88	170.11
3.99	15.97	170.11
4.00	15.95	170.11
4.01	15.80	170.11
4.02	15.92	170.11
4.03	15.86	170.11
4.04	15.90	170.11
4.05	15.83	170.11
4.06	15.90	170.11
4.07	15.90	170.11
4.08	15.83	170.11
4.09	15.92	170.11
4.10	15.85	170.11
4.11	15.81	170.11
4.12	15.93	170.11
4.13	15.95	170.11
4.14	15.77	170.10
4.15	15.87	170.10
4.16	15.80	170.10
4.17	15.87	170.10
4.18	15.91	170.10
4.19	15.81	170.10
4.20	16.00	170.09
4.21	15.86	170.09
4.22	15.80	170.09
4.23	15.81	170.09
4.24	16.01	170.10
4.25	15.91	170.10
4.26	15.84	170.09
4.27	16.10	170.09
4.28	15.75	170.08
4.29	15.56	170.08
4.30	15.89	170.08
4.31	16.03	170.08
4.32	15.82	170.07
4.33	15.91	170.07
4.34	16.03	170.07
4.35	15.85	170.07
4.36	15.77	170.07
4.37	15.87	170.07
4.38	15.90	170.06
4.39	15.81	170.06
4.40	15.88	170.06
4.41	16.04	170.06
4.42	15.88	170.05
4.43	15.74	170.05
4.44	15.84	170.04
4.45	15.81	170.04
4.46	15.74	170.04
4.47	15.75	170.04
4.48	15.90	170.03
4.49	15.86	170.03
4.50	15.82	170.03
4.51	15.99	170.03
4.52	15.81	170.03
4.53	15.69	170.03
4.54	15.78	170.02
4.55	16.05	170.02
4.56	15.87	170.02
4.57	15.79	170.02
4.58	15.88	170.02
4.59	16.09	170.02
4.60	15.91	170.01
4.61	15.87	170.01
4.62	15.75	170.01
4.63	15.92	170.01
4.64	15.67	170.00
4.65	15.81	170.00
4.66	15.88	170.00
4.67	15.73	170.00
4.68	15.71	169.99
4.69	15.93	169.99
4.70	15.88	169.99
4.71	15.82	169.99
4.72	16.02	169.99
4.73	15.95	169.99
4.74	15.71	169.99
4.75	15.87	169.98
4.76	15.95	169.98
4.77	15.91	169.98
4.78	15.85	169.98
4.79	15.93	169.98
4.80	16.05	169.98
4.81	15.93	169.97
4.82	15.79	169.97
4.83	15.79	169.97
4.84	15.83	169.97
4.85	15.69	169.97
4.86	15.92	169.97
4.87	16.06	169.96
4.88	15.88	169.96
4.89	15.89	169.96
4.90	15.79	169.96
4.91	15.93	169.96
4.92	15.91	169.96
4.93	15.91	169.95
4.94	15.94	169.95
4.95	15.99	169.95
4.96	15.93	169.95
4.97	15.87	169.94
4.98	15.84	169.94
4.99	15.90	169.93
5.00	15.85	169.93
5.01	15.86	169.93
5.02	15.92	169.93
5.03	15.89	169.93
5.04	15.88	169.93
5.05	16.02	169.93
5.06	15.92	169.93
5.07	15.75	169.93
5.08	15.96	169.93
5.09	15.90	169.92
5.10	15.90	169.92
5.11	15.83	169.92
5.12	15.94	169.92
5.13	15.88	169.91
5.14	15.84	169.91
5.15	15.96	169.91
5.16	16.04	169.91
5.17	15.89	169.91
5.18	15.83	169.91
5.19	15.97	169.91
5.20	16.13	169.91
5.21	15.88	169.91
5.22	15.84	169.91
5.23	16.01	169.91
5.24	15.99	169.91
5.25	15.80	169.90
5.26	15.90	169.90
5.27	16.17	169.90
5.28	16.07	169.90
5.29	15.90	169.90
5.30	15.91	169.90
5.31	16.00	169.90
5.32	9.45	169.90
5.33	15.86	169.90
5.34	16.03	169.90
5.35	16.11	169.90
5.36	15.97	169.90
5.37	15.84	169.90
5.38	16.07	169.91
5.39	16.09	169.91
5.40	15.86	169.91
5.41	16.05	169.91
5.42	16.07	169.91
5.43	15.84	169.91
5.44	16.06	169.92
5.45	16.16	169.92
5.46	16.01	169.92
5.47	15.91	169.92
5.48	16.04	169.92
5.49	16.17	169.92
5.50	15.77	169.92
5.51	15.88	169.92
5.52	16.09	169.92
5.53	16.16	169.92
5.54	15.81	169.92
5.55	15.99	169.92
5.56	16.12	169.92
5.57	15.85	169.92
5.58	16.04	169.92
5.59	16.13	169.92
5.60	16.14	169.92
5.61	15.77	169.92
5.62	15.98	169.91
5.63	16.19	169.91
5.64	16.03	169.91
5.65	15.77	169.91
5.66	16.19	169.90
5.67	16.15	169.90
5.68	15.97	169.90
5.69	15.77	169.90
5.70	16.13	169.90
5.71	16.31	169.90
5.72	16.13	169.90
5.73	15.77	169.90
5.74	16.32	169.90
5.75	16.03	169.90
5.76	15.84	169.89
5.77	16.08	169.89
5.78	16.30	169.89
5.79	16.02	169.89
5.80	15.88	169.89
5.81	16.33	169.89
5.82	16.15	169.88
5.83	15.82	169.88
5.84	16.02	169.88
5.85	16.33	169.89
5.86	16.09	169.89
5.87	15.98	169.89
5.88	16.10	169.89
5.89	16.30	169.89
5.90	16.02	169.89
5.91	15.94	169.89
5.92	16.01	169.89
5.93	16.07	169.88
5.94	16.03	169.88
5.95	15.99	169.88
5.96	16.10	169.88
5.97	16.20	169.89
5.98	16.15	169.89
5.99	15.94	169.89
6.00	16.16	169.89
6.01	16.11	169.89
6.02	16.07	169.89
6.03	16.06	169.88
6.04	16.23	169.88
6.05	16.55	169.88
6.06	16.12	169.88
6.07	16.12	169.88
6.08	16.26	169.88
6.09	16.19	169.88
6.10	16.26	169.88
6.11	16.09	169.87
6.12	16.24	169.87
6.13	16.25	169.87
6.14	16.21	169.87
6.15	16.25	169.88
6.16	16.33	169.88
6.17	16.28	169.87
6.18	15.99	169.87
6.19	16.19	169.88
6.20	16.50	169.88
6.21	16.26	169.88
6.22	16.06	169.88
6.23	16.61	169.89
6.24	16.27	169.89
6.25	16.13	169.89
6.26	16.48	169.89
6.27	16.56	169.89
6.28	16.00	169.89
6.29	16.24	169.90
6.30	16.68	169.90
6.31	16.11	169.90
6.32	15.85	169.90
6.33	16.48	169.90
6.34	16.69	169.90
6.35	15.90	169.89
6.36	16.01	169.89
6.37	16.55	169.89
6.38	16.23	169.89
6.39	15.72	169.89
6.40	16.26	169.89
6.41	16.59	169.89
6.42	16.36	169.89
6.43	15.91	169.89
6.44	16.55	169.88
6.45	16.69	169.88
6.46	16.06	169.88
6.47	16.16	169.88
6.48	16.78	169.88
6.49	16.08	169.88
6.50	16.25	169.88
6.51	16.88	169.88
6.52	15.90	169.88
6.53	16.06	169.88
6.54	16.59	169.88
6.55	16.68	169.88
6.56	15.99	169.88
6.57	16.18	169.88
6.58	16.69	169.87
6.59	16.19	169.87
6.60	15.94	169.87
6.61	16.81	169.87
6.62	16.53	169.87
6.63	16.06	169.87
6.64	16.46	169.86
6.65	17.00	169.86
6.66	16.31	169.86
6.67	16.42	169.86
6.68	17.04	169.86
6.69	16.20	169.86
6.70	16.24	169.85
6.71	16.82	169.85
6.72	16.62	169.85
6.73	16.03	169.85
6.74	16.68	169.85
6.75	16.89	169.85
6.76	16.19	169.85
6.77	16.75	169.85
6.78	16.69	169.83
6.79	16.38	169.83
6.80	16.96	169.83
6.81	16.74	169.83
6.82	16.44	169.83
6.83	16.56	169.83
6.84	17.07	169.82
6.85	16.19	169.82
6.86	16.56	169.82
6.87	16.91	169.82
6.88	16.62	169.82
6.89	16.58	169.82
6.90	16.95	169.82
6.91	16.67	169.82
6.92	16.32	169.81
6.93	16.95	169.81
6.94	16.70	169.80
6.95	16.62	169.80
6.96	16.69	169.81
6.97	17.06	169.81
6.98	16.41	169.81
6.99	16.61	169.80
7.00	17.19	169.80
7.01	16.79	169.80
7.02	16.34	169.80
7.03	16.86	169.80
7.04	17.00	169.80
7.05	16.48	169.80
7.06	16.55	169.80
7.07	17.01	169.79
7.08	16.75	169.79
7.09	16.51	169.80
7.10	17.08	169.80
7.11	16.92	169.81
7.12	16.55	169.81
7.13	16.67	169.81
7.14	17.22	169.81
7.15	16.78	169.81
7.16	16.66	169.81
7.17	17.14	169.81
7.18	17.14	169.81
7.19	16.60	169.82
7.20	16.90	169.82
7.21	17.20	169.83
7.22	16.74	169.83
7.23	16.68	169.83
7.24	16.80	169.83
7.25	17.18	169.83
7.26	16.61	169.83
7.27	16.86	169.83
7.28	17.03	169.83
7.29	17.00	169.83
7.30	16.56	169.83
7.31	16.78	169.83
7.32	17.06	169.83
7.33	17.17	169.83
7.34	16.61	169.83
7.35	16.85	169.83
7.36	17.09	169.83
7.37	16.90	169.82
7.38	16.74	169.82
7.39	16.88	169.83
7.40	17.14	169.83
7.41	16.93	169.82
7.42	16.54	169.82
7.43	16.97	169.83
7.44	17.06	169.83
7.45	17.01	169.83
7.46	16.59	169.83
7.47	17.12	169.83
7.48	17.15	169.83
7.49	16.82	169.82
7.50	16.87	169.82
7.51	17.26	169.82
7.52	17.01	169.82
7.53	16.81	169.82
7.54	16.95	169.83
7.55	17.40	169.83
7.56	17.04	169.82
7.57	16.79	169.82
7.58	17.03	169.82
7.59	17.32	169.82
7.60	16.89	169.83
7.61	16.80	169.83
7.62	17.25	169.82
7.63	17.09	169.82
7.64	16.78	169.82
7.65	17.04	169.82
7.66	17.26	169.82
7.67	16.70	169.82
7.68	16.86	169.82
7.69	17.10	169.82
7.70	16.76	169.82
7.71	16.83	169.82
7.72	17.17	169.81
7.73	17.08	169.81
7.74	16.66	169.80
7.75	17.31	169.80
7.76	17.25	169.80
7.77	16.81	169.80
7.78	16.91	169.81
7.79	17.36	169.81
7.80	17.20	169.80
7.81	16.88	169.80
7.82	16.91	169.81
7.83	17.36	169.81
7.84	16.84	169.80
7.85	16.94	169.80
7.86	17.38	169.80
7.87	16.99	169.80
7.88	16.84	169.79
7.89	17.10	169.79
7.90	17.11	169.79
7.91	16.77	169.79
7.92	16.89	169.78
7.93	17.17	169.78
7.94	17.14	169.79
7.95	16.81	169.79
7.96	17.25	169.78
7.97	17.13	169.78
7.98	16.99	169.78
7.99	16.92	169.78
8.00	17.26	169.77
8.01	17.17	169.77
8.02	17.01	169.76
8.03	17.12	169.76
8.04	17.17	169.76
8.05	17.13	169.76
8.06	17.03	169.76
8.07	17.12	169.75
8.08	17.37	169.75
8.09	16.95	169.75
8.10	17.06	169.75
8.11	17.24	169.75
8.12	17.17	169.75
8.13	16.93	169.75
8.14	17.08	169.75
8.15	17.26	169.75
8.16	17.10	169.75
8.17	16.92	169.75
8.18	17.18	169.75
8.19	17.16	169.74
8.20	16.95	169.74
8.21	17.07	169.74
8.22	17.25	169.74
8.23	17.21	169.73
8.24	17.08	169.73
8.25	17.14	169.73
8.26	17.10	169.73
8.27	17.19	169.74
8.28	17.12	169.74
8.29	17.25	169.74
8.30	17.11	169.74
8.31	17.10	169.73
8.32	17.17	169.73
8.33	17.20	169.73
8.34	17.15	169.73
8.35	17.05	169.73
8.36	17.19	169.73
8.37	17.19	169.73
8.38	17.21	169.73
8.39	17.24	169.73
8.40	17.22	169.73
8.41	17.24	169.73
8.42	17.15	169.73
8.43	17.17	169.73
8.44	17.22	169.73
8.45	17.33	169.72
8.46	17.14	169.72
8.47	17.27	169.73
8.48	17.19	169.73
8.49	17.19	169.73
8.50	17.18	169.73
8.51	17.34	169.74
8.52	17.16	169.74
8.53	17.11	169.73
8.54	17.23	169.73
8.55	17.27	169.74
8.56	17.22	169.74
8.57	17.29	169.74
8.58	17.26	169.74
8.59	17.34	169.74
8.60	17.05	169.74
8.61	17.15	169.74
8.62	17.27	169.74
8.63	17.20	169.73
8.64	17.08	169.73
8.65	17.32	169.73
8.66	17.37	169.73
8.67	17.11	169.73
8.68	17.13	169.73
8.69	17.48	169.73
8.70	17.30	169.72
8.71	17.26	169.72
8.72	17.07	169.72
8.73	17.40	169.72
8.74	17.46	169.72
8.75	17.05	169.72
8.76	17.39	169.71
8.77	17.48	169.71
8.78	17.02	169.72
8.79	17.24	169.72
8.80	17.43	169.71
8.81	17.36	169.71
8.82	16.95	169.71
8.83	17.29	169.71
8.84	17.40	169.71
8.85	17.20	169.71
8.86	17.02	169.71
8.87	17.51	169.71
8.88	17.39	169.71
8.89	16.87	169.71
8.90	17.11	169.71
8.91	17.49	169.71
8.92	17.32	169.72
8.93	16.92	169.72
8.94	17.69	169.72
8.95	17.77	169.72
8.96	16.94	169.72
8.97	16.94	169.72
8.98	17.63	169.72
8.99	17.60	169.72
9.00	17.34	169.73
9.01	16.84	169.73
9.02	17.53	169.73
9.03	17.78	169.73
9.04	17.04	169.72
9.05	17.06	169.72
9.06	17.84	169.72
9.07	17.63	169.72
9.08	17.16	169.72
9.09	17.28	169.72
9.10	17.84	169.72
9.11	17.54	169.72
9.12	17.03	169.72
9.13	17.39	169.72
9.14	17.72	169.72
9.15	16.96	169.72
9.16	17.19	169.72
9.17	17.64	169.72
9.18	17.58	169.72
9.19	16.88	169.72
9.20	17.50	169.73
9.21	17.56	169.73
9.22	17.08	169.73
9.23	17.18	169.72
9.24	17.67	169.72
9.25	17.35	169.73
9.26	17.01	169.73
9.27	17.41	169.73
9.28	17.45	169.73
9.29	17.40	169.73
9.30	17.27	169.73
9.31	17.44	169.73
9.32	17.56	169.73
9.33	17.59	169.74
9.34	17.20	169.74
9.35	17.60	169.73
9.36	17.63	169.73
9.37	17.52	169.73
9.38	17.26	169.73
9.39	17.64	169.72
9.40	17.70	169.72
9.41	17.53	169.73
9.42	17.47	169.73
9.43	17.68	169.73
9.44	17.68	169.73
9.45	17.57	169.73
9.46	17.71	169.73
9.47	17.61	169.72
9.48	17.37	169.72
9.49	17.47	169.72
9.50	17.72	169.72
9.51	17.59	169.72
9.52	17.50	169.72
9.53	17.52	169.73
9.54	17.63	169.73
9.55	17.52	169.73
9.56	17.49	169.73
9.57	17.67	169.73
9.58	17.60	169.73
9.59	17.63	169.74
9.60	17.57	169.74
9.61	17.68	169.73
9.62	17.52	169.73
9.63	17.63	169.73
9.64	17.81	169.73
9.65	17.72	169.72
9.66	17.59	169.72
9.67	17.64	169.72
9.68	17.83	169.72
9.69	17.78	169.72
9.70	17.62	169.72
9.71	17.77	169.71
9.72	17.86	169.71
9.73	17.83	169.71
9.74	17.65	169.71
9.75	17.66	169.70
9.76	17.99	169.70
9.77	17.61	169.70
9.78	17.70	169.70
9.79	18.01	169.70
9.80	17.89	169.70
9.81	17.80	169.70
9.82	17.74	169.69
9.83	18.02	169.69
9.84	17.97	169.69
9.85	17.63	169.69
9.86	17.71	169.68
9.87	17.94	169.68
9.88	18.07	169.68
9.89	17.76	169.68
9.90	17.80	169.67
9.91	17.96	169.67
9.92	17.95	169.67
9.93	17.78	169.67
9.94	18.20	169.67
9.95	18.05	169.67
9.96	17.89	169.67
9.97	17.82	169.67
9.98	18.19	169.67
9.99	18.06	169.67
10.00	17.89	169.66
10.01	18.20	169.66
10.02	18.25	169.66
10.03	18.10	169.66
10.04	17.98	169.65
10.05	18.20	169.65
10.06	18.10	169.65
10.07	18.14	169.65
10.08	18.25	169.65
10.09	18.17	169.65
10.10	18.13	169.66
10.11	18.35	169.66
10.12	18.47	169.66
10.13	18.35	169.66
10.14	18.01	169.66
10.15	18.32	169.66
10.16	18.51	169.66
10.17	18.34	169.66
10.18	18.31	169.66
10.19	18.44	169.66
10.20	18.44	169.65
10.21	18.28	169.65
10.22	18.55	169.65
10.23	18.53	169.65
10.24	18.41	169.65
10.25	18.46	169.65
10.26	18.64	169.66
10.27	18.51	169.66
10.28	18.52	169.66
10.29	18.56	169.66
10.30	18.63	169.66
10.31	18.63	169.66
10.32	18.61	169.66
10.33	18.65	169.66
10.34	18.60	169.66
10.35	18.63	169.66
10.36	18.64	169.66
10.37	18.60	169.66
10.38	18.64	169.66
10.39	18.57	169.67
10.40	18.73	169.67
10.41	18.75	169.67
10.42	18.84	169.67
10.43	18.64	169.68
10.44	18.87	169.68
10.45	18.95	169.67
10.46	18.79	169.67
10.47	18.87	169.67
10.48	18.92	169.67
10.49	18.76	169.68
10.50	18.87	169.68
10.51	18.93	169.67
10.52	18.96	169.67
10.53	18.83	169.67
10.54	19.13	169.67
10.55	19.14	169.67
10.56	19.07	169.67
10.57	18.90	169.67
10.58	19.23	169.67
10.59	19.16	169.67
10.60	19.07	169.67
10.61	18.95	169.67
10.62	19.19	169.67
10.63	19.22	169.68
10.64	19.12	169.68
10.65	19.21	169.67
10.66	19.56	169.67
10.67	19.23	169.68
10.68	19.27	169.68
10.69	19.41	169.68
10.70	19.37	169.68
10.71	19.13	169.69
10.72	19.45	169.69
10.73	19.56	169.69
10.74	19.27	169.69
10.75	19.43	169.70
10.76	19.53	169.70
10.77	19.41	169.71
10.78	19.40	169.71
10.79	19.70	169.71
10.80	19.73	169.71
10.81	19.40	169.71
10.82	19.66	169.71
10.83	19.75	169.73
10.84	19.53	169.73
10.85	19.62	169.73
10.86	19.62	169.73
10.87	19.84	169.73
10.88	19.64	169.73
10.89	19.70	169.73
10.90	19.92	169.73
10.91	19.92	169.73
10.92	19.82	169.73
10.93	19.92	169.73
10.94	19.97	169.73
10.95	19.97	169.73
10.96	19.99	169.73
10.97	19.94	169.73
10.98	20.14	169.72
10.99	19.94	169.72
11.00	19.90	169.72
11.01	20.13	169.72
11.02	20.11	169.70
11.03	20.09	169.70
11.04	20.23	169.69
11.05	20.12	169.69
11.06	20.21	169.69
11.07	20.10	169.69
11.08	20.09	169.70
11.09	20.22	169.70
11.10	20.27	169.70
11.11	20.28	169.70
11.12	20.20	169.71
11.13	20.08	169.71
11.14	20.32	169.71
11.15	20.15	169.71
11.16	20.40	169.71
11.17	20.34	169.71
11.18	20.28	169.70
11.19	20.35	169.70
11.20	20.33	169.70
11.21	20.37	169.70
11.22	20.21	169.70
11.23	20.31	169.70
11.24	20.50	169.70
11.25	20.34	169.70
11.26	20.36	169.70
11.27	20.60	169.70
11.28	20.45	169.69
11.29	20.26	169.69
11.30	20.38	169.69
11.31	20.57	169.69
11.32	20.51	169.70
11.33	20.34	169.70
11.34	20.58	169.70
11.35	20.18	169.70
11.36	20.76	169.70
11.37	20.29	169.70
11.38	20.28	169.70
11.39	20.56	169.70
11.40	19.86	169.69
11.41	20.49	169.69
11.42	20.56	169.69
11.43	20.46	169.69
11.44	20.34	169.69
11.45	20.47	169.69
11.46	20.44	169.69
11.47	20.56	169.69
11.48	20.88	169.70
11.49	20.33	169.70
11.50	20.70	169.70
11.51	20.49	169.69
11.52	20.34	169.69
11.53	20.42	169.69
11.54	20.19	169.69
11.55	18.00	169.70
11.56	20.81	169.70
11.57	21.83	169.70
11.58	20.57	169.70
11.59	24.21	169.70
11.60	20.01	169.70
11.61	20.36	169.70
11.62	20.60	169.70
11.63	20.24	169.70
11.64	20.51	169.70
11.65	20.44	169.71
11.66	20.24	169.71
11.67	20.36	169.71
11.68	20.44	169.71
11.69	20.25	169.71
11.70	20.16	169.71
11.71	20.32	169.71
11.72	20.40	169.71
11.73	20.28	169.71
11.74	20.21	169.71
11.75	20.25	169.72
11.76	20.40	169.72
11.77	20.09	169.71
11.78	20.21	169.71
11.79	20.27	169.71
11.80	20.21	169.71
11.81	20.15	169.71
11.82	20.27	169.71
11.83	20.34	169.71
11.84	20.12	169.71
11.85	20.13	169.70
11.86	20.25	169.70
11.87	20.34	169.70
11.88	20.25	169.70
11.89	20.14	169.70
11.90	20.18	169.70
11.91	20.12	169.70
11.92	20.17	169.70
11.93	20.08	169.69
11.94	20.07	169.69
11.95	20.14	169.70
11.96	20.10	169.70
11.97	20.19	169.69
11.98	20.09	169.69
11.99	20.21	169.70
12.00	20.12	169.70
12.01	20.06	169.70
12.02	20.07	169.70
12.03	19.81	169.70
12.04	20.15	169.70
12.05	20.08	169.70
12.06	20.01	169.70
12.07	19.94	169.70
12.08	20.14	169.70
12.09	19.99	169.70
12.10	19.60	169.70
12.11	20.17	169.70
12.12	20.04	169.71
12.13	19.83	169.71
12.14	19.89	169.71
12.15	19.99	169.71
12.16	20.00	169.72
12.17	19.99	169.72
12.18	19.95	169.72
12.19	20.04	169.72
12.20	19.77	169.73
12.21	19.87	169.73
12.22	20.12	169.74
12.23	19.70	169.74
12.24	19.84	169.75
12.25	19.73	169.75
12.26	19.89	169.76
12.27	20.02	169.76
12.28	19.60	169.75
12.29	20.66	169.75
12.30	19.99	169.76
12.31	19.79	169.76
12.32	20.04	169.76
12.33	19.41	169.76
12.34	20.35	169.75
12.35	19.59	169.75
12.36	19.81	169.75
12.37	20.17	169.75
12.38	20.38	169.74
12.39	19.23	169.74
12.40	20.83	169.74
12.41	25.17	169.74
12.42	19.55	169.73
12.43	16.57	169.73
12.44	18.54	169.73
12.45	18.63	169.73
12.46	17.34	169.72
12.47	15.48	169.72
12.48	22.33	169.72
12.49	114.15	169.72
12.50	22.95	169.72
12.51	28.62	169.72
12.52	21.89	169.71
12.53	19.60	169.71
12.54	19.35	169.71
12.55	19.72	169.71
12.56	19.69	169.71
12.57	19.57	169.71
12.58	19.63	169.71
12.59	19.96	169.71
12.60	19.55	169.71
12.61	19.36	169.71
12.62	19.70	169.72
12.63	19.81	169.72
12.64	19.50	169.72
12.65	19.35	169.72
12.66	19.62	169.72
12.67	19.80	169.72
12.68	19.31	169.72
12.69	19.34	169.72
12.70	19.80	169.72
12.71	19.67	169.72
12.72	19.35	169.72
12.73	19.50	169.72
12.74	19.61	169.72
12.75	19.73	169.72
12.76	19.30	169.72
12.77	19.61	169.72
12.78	19.60	169.72
12.79	19.39	169.72
12.80	19.37	169.72
12.81	19.50	169.72
12.82	19.53	169.72
12.83	19.21	169.73
12.84	19.49	169.73
12.85	19.50	169.73
12.86	19.39	169.73
12.87	19.53	169.72
12.88	19.64	169.72
12.89	19.46	169.73
12.90	19.37	169.73
12.91	19.55	169.73
12.92	19.49	169.73
12.93	19.46	169.73
12.94	19.42	169.73
12.95	19.62	169.73
12.96	19.56	169.73
12.97	19.40	169.73
12.98	19.39	169.73
12.99	19.37	169.74
13.00	19.51	169.74
13.01	19.48	169.73
13.02	19.49	169.73
13.03	19.47	169.73
13.04	19.53	169.73
13.05	19.51	169.73
13.06	19.44	169.73
13.07	19.35	169.74
13.08	19.43	169.74
13.09	19.45	169.73
13.10	19.44	169.73
13.11	19.39	169.74
13.12	19.42	169.74
13.13	19.37	169.73
13.14	19.39	169.73
13.15	19.25	169.74
13.16	19.34	169.74
13.17	19.32	169.74
13.18	19.35	169.74
13.19	19.36	169.74
13.20	19.25	169.74
13.21	19.15	169.73
13.22	19.40	169.73
13.23	19.29	169.73
13.24	19.37	169.73
13.25	19.94	169.73
13.26	19.42	169.73
13.27	19.25	169.73
13.28	19.33	169.72
13.29	19.39	169.72
13.30	19.38	169.72
13.31	19.26	169.72
13.32	19.34	169.72
13.33	19.47	169.72
13.34	19.43	169.73
13.35	19.14	169.73
13.36	19.40	169.73
13.37	19.55	169.73
13.38	19.23	169.74
13.39	19.44	169.74
13.40	19.40	169.74
13.41	19.43	169.74
13.42	18.99	169.74
13.43	19.46	169.74
13.44	18.81	169.75
13.45	18.94	169.75
13.46	21.81	169.75
13.47	19.04	169.75
13.48	19.58	169.75
13.49	19.47	169.75
13.50	19.03	169.76
13.51	19.37	169.76
13.52	19.63	169.76
13.53	19.28	169.76
13.54	19.04	169.76
13.55	19.62	169.76
13.56	19.35	169.77
13.57	19.10	169.77
13.58	19.54	169.76
13.59	19.67	169.76
13.60	19.28	169.76
13.61	19.23	169.76
13.62	19.16	169.76
13.63	19.52	169.76
13.64	19.64	169.76
13.65	19.71	169.76
13.66	18.33	169.75
13.67	18.92	169.75
13.68	19.38	169.74
13.69	19.91	169.74
13.70	19.76	169.74
13.71	18.92	169.74
13.72	19.69	169.74
13.73	19.45	169.74
13.74	19.05	169.74
13.75	19.77	169.74
13.76	19.55	169.73
13.77	18.99	169.73
13.78	19.81	169.73
13.79	19.68	169.73
13.80	19.22	169.73
13.81	19.42	169.73
13.82	19.98	169.73
13.83	19.11	169.73
13.84	19.47	169.73
13.85	19.69	169.74
13.86	19.20	169.74
13.87	19.51	169.76
13.88	19.61	169.76
13.89	19.30	169.77
13.90	19.33	169.77
13.91	19.97	169.77
13.92	19.52	169.77
13.93	19.45	169.78
13.94	19.67	169.78
13.95	19.70	169.79
13.96	19.30	169.79
13.97	19.35	169.78
13.98	19.90	169.78
13.99	19.53	169.79
14.00	19.40	169.79
14.01	19.57	169.78
14.02	19.90	169.78
14.03	19.24	169.79
14.04	19.58	169.79
14.05	19.76	169.79
14.06	19.32	169.79
14.07	19.51	169.79
14.08	20.04	169.79
14.09	19.61	169.80
14.10	19.25	169.80
14.11	19.51	169.80
14.12	20.01	169.80
14.13	19.59	169.80
14.14	19.48	169.80
14.15	19.94	169.80
14.16	19.84	169.80
14.17	19.45	169.80
14.18	19.81	169.80
14.19	19.99	169.81
14.20	19.59	169.81
14.21	19.67	169.81
14.22	20.02	169.81
14.23	19.99	169.81
14.24	19.52	169.81
14.25	19.71	169.80
14.26	19.93	169.80
14.27	19.82	169.81
14.28	19.50	169.81
14.29	19.87	169.80
14.30	20.04	169.80
14.31	19.65	169.81
14.32	19.73	169.81
14.33	20.02	169.81
14.34	19.72	169.81
14.35	19.75	169.81
14.36	20.11	169.81
14.37	20.12	169.81
14.38	19.66	169.80
14.39	20.15	169.80
14.40	20.20	169.80
14.41	19.77	169.80
14.42	19.86	169.80
14.43	20.26	169.80
14.44	20.02	169.80
14.45	19.60	169.80
14.46	20.04	169.80
14.47	20.40	169.80
14.48	19.88	169.80
14.49	20.06	169.80
14.50	20.24	169.80
14.51	20.11	169.80
14.52	19.92	169.79
14.53	20.51	169.79
14.54	20.38	169.79
14.55	19.92	169.79
14.56	20.38	169.78
14.57	20.36	169.78
14.58	20.28	169.78
14.59	20.49	169.78
14.60	20.72	169.78
14.61	20.23	169.78
14.62	20.27	169.79
14.63	20.45	169.79
14.64	20.38	169.79
14.65	20.10	169.79
14.66	20.49	169.79
14.67	20.65	169.79
14.68	20.11	169.79
14.69	20.47	169.79
14.70	20.73	169.79
14.71	20.38	169.79
14.72	20.57	169.78
14.73	20.98	169.78
14.74	20.66	169.78
14.75	20.50	169.78
14.76	20.99	169.78
14.77	20.88	169.78
14.78	20.56	169.77
14.79	20.67	169.77
14.80	21.12	169.77
14.81	20.82	169.77
14.82	20.41	169.77
14.83	21.07	169.77
14.84	20.91	169.78
14.85	20.61	169.78
14.86	21.11	169.78
14.87	21.08	169.78
14.88	20.73	169.78
14.89	20.89	169.78
14.90	21.33	169.78
14.91	20.98	169.78
14.92	20.76	169.78
14.93	21.32	169.78
14.94	21.45	169.78
14.95	21.07	169.78
14.96	21.02	169.78
14.97	21.55	169.79
14.98	21.18	169.79
14.99	21.12	169.78
15.00	21.60	169.78
15.01	21.39	169.79
15.02	21.27	169.79
15.03	21.56	169.79
15.04	21.48	169.79
15.05	21.29	169.79
15.06	21.50	169.79
15.07	21.63	169.80
15.08	21.54	169.80
15.09	21.41	169.80
15.10	21.81	169.80
15.11	21.63	169.80
15.12	21.74	169.80
15.13	21.78	169.80
15.14	22.12	169.80
15.15	21.85	169.80
15.16	21.90	169.80
15.17	21.83	169.80
15.18	22.08	169.80
15.19	21.86	169.80
15.20	22.00	169.80
15.21	22.22	169.79
15.22	22.06	169.79
15.23	22.10	169.79
15.24	22.32	169.79
15.25	22.28	169.80
15.26	22.09	169.80
15.27	22.42	169.79
15.28	22.41	169.79
15.29	22.38	169.79
15.30	22.50	169.79
15.31	22.45	169.79
15.32	22.52	169.79
15.33	22.39	169.79
15.34	22.62	169.79
15.35	22.71	169.79
15.36	22.63	169.79
15.37	22.77	169.79
15.38	22.84	169.79
15.39	22.80	169.79
15.40	22.91	169.79
15.41	22.86	169.80
15.42	22.90	169.80
15.43	23.03	169.79
15.44	23.08	169.79
15.45	23.08	169.79
15.46	23.08	169.79
15.47	23.24	169.79
15.48	23.18	169.79
15.49	23.35	169.79
15.50	23.41	169.79
15.51	23.62	169.80
15.52	23.28	169.80
15.53	23.27	169.80
15.54	23.68	169.80
15.55	23.45	169.80
15.56	23.52	169.80
15.57	23.62	169.80
15.58	23.85	169.80
15.59	23.59	169.80
15.60	23.77	169.80
15.61	23.88	169.80
15.62	23.85	169.80
15.63	23.82	169.80
15.64	23.85	169.79
15.65	24.13	169.79
15.66	23.96	169.80
15.67	23.79	169.80
15.68	24.09	169.79
15.69	24.17	169.79
15.70	24.12	169.80
15.71	23.95	169.80
15.72	24.35	169.80
15.73	24.35	169.80
15.74	24.11	169.81
15.75	24.20	169.81
15.76	24.55	169.80
15.77	24.26	169.80
15.78	24.05	169.80
15.79	24.36	169.80
15.80	24.62	169.81
15.81	24.39	169.81
15.82	24.49	169.82
15.83	24.73	169.82
15.84	24.59	169.83
15.85	24.37	169.83
15.86	24.52	169.83
15.87	24.88	169.83
15.88	24.51	169.83
15.89	24.56	169.83
15.90	24.81	169.83
15.91	24.91	169.83
15.92	24.63	169.83
15.93	24.61	169.83
15.94	25.02	169.83
15.95	24.93	169.83
15.96	24.43	169.84
15.97	24.69	169.84
15.98	24.92	169.84
15.99	24.69	169.84
16.00	24.65	169.85
16.01	24.80	169.85
16.02	24.73	169.85
16.03	24.61	169.85
16.04	24.72	169.85
16.05	24.77	169.85
16.06	24.74	169.85
16.07	24.64	169.85
16.08	24.63	169.85
16.09	24.90	169.85
16.10	24.57	169.85
16.11	24.52	169.86
16.12	24.70	169.86
16.13	24.88	169.86
16.14	24.75	169.86
16.15	24.36	169.86
16.16	24.75	169.86
16.17	24.75	169.86
16.18	24.36	169.86
16.19	24.41	169.87
16.20	24.65	169.87
16.21	24.67	169.87
16.22	24.32	169.87
16.23	24.37	169.88
16.24	24.62	169.88
16.25	24.52	169.89
16.26	24.23	169.89
16.27	24.25	169.89
16.28	24.48	169.89
16.29	24.45	169.89
16.30	24.09	169.89
16.31	24.15	169.89
16.32	24.35	169.89
16.33	24.17	169.89
16.34	24.11	169.89
16.35	24.11	169.89
16.36	24.13	169.89
16.37	24.04	169.89
16.38	23.95	169.89
16.39	23.98	169.90
16.40	24.09	169.90
16.41	23.88	169.90
16.42	23.87	169.90
16.43	23.87	169.90
16.44	23.87	169.90
16.45	23.70	169.90
16.46	23.80	169.90
16.47	23.86	169.90
16.48	23.68	169.90
16.49	23.65	169.91
16.50	23.61	169.91
16.51	23.62	169.92
16.52	23.48	169.92
16.53	23.60	169.92
16.54	23.52	169.92
16.55	23.49	169.92
16.56	23.39	169.92
16.57	23.41	169.92
16.58	23.41	169.92
16.59	23.27	169.93
16.60	23.33	169.93
16.61	23.37	169.93
16.62	23.34	169.93
16.63	23.26	169.94
16.64	23.17	169.94
16.65	23.23	169.94
16.66	23.17	169.93
16.67	23.24	169.93
16.68	23.17	169.94
16.69	23.10	169.94
16.70	23.02	169.94
16.71	23.08	169.94
16.72	23.02	169.94
16.73	22.97	169.94
16.74	23.06	169.94
16.75	22.90	169.94
16.76	22.84	169.94
16.77	22.73	169.94
16.78	22.76	169.94
16.79	22.67	169.94
16.80	22.66	169.94
16.81	22.76	169.94
16.82	22.66	169.94
16.83	22.57	169.94
16.84	22.67	169.94
16.85	22.66	169.94
16.86	22.38	169.94
16.87	22.59	169.94
16.88	22.64	169.94
16.89	22.46	169.94
16.90	22.25	169.93
16.91	22.26	169.93
16.92	22.42	169.94
16.93	22.36	169.94
16.94	22.04	169.94
16.95	22.31	169.94
16.96	22.36	169.94
16.97	21.91	169.94
16.98	22.18	169.95
16.99	22.19	169.95
17.00	22.05	169.96
17.01	21.97	169.96
17.02	22.12	169.97
17.03	21.98	169.97
17.04	21.95	169.98
17.05	22.05	169.98
17.06	21.87	169.99
17.07	21.74	169.99
17.08	21.74	170.00
17.09	21.77	170.00
17.10	21.58	170.01
17.11	21.84	170.01
17.12	21.83	170.02
17.13	21.58	170.02
17.14	21.72	170.03
17.15	21.87	170.03
17.16	21.57	170.03
17.17	21.56	170.03
17.18	21.79	170.04
17.19	21.62	170.04
17.20	21.40	170.04
17.21	21.52	170.04
17.22	21.70	170.04
17.23	21.21	170.04
17.24	21.45	170.04
17.25	21.53	170.04
17.26	21.45	170.04
17.27	21.12	170.04
17.28	21.20	170.04
17.29	21.27	170.05
17.30	21.21	170.05
17.31	21.24	170.05
17.32	21.25	170.05
17.33	21.30	170.05
17.34	21.18	170.05
17.35	21.01	170.05
17.36	21.29	170.05
17.37	21.09	170.06
17.38	20.95	170.06
17.39	21.24	170.06
17.40	21.12	170.06
17.41	21.07	170.06
17.42	20.93	170.06
17.43	21.18	170.06
17.44	21.04	170.06
17.45	20.89	170.06
17.46	20.96	170.06
17.47	21.08	170.05
17.48	20.83	170.05
17.49	20.77	170.05
17.50	20.75	170.05
17.51	20.84	170.05
17.52	20.79	170.05
17.53	20.79	170.05
17.54	20.95	170.05
17.55	20.78	170.05
17.56	20.85	170.05
17.57	20.68	170.04
17.58	20.74	170.04
17.59	20.84	170.05
17.60	20.75	170.05
17.61	20.76	170.05
17.62	20.70	170.05
17.63	20.60	170.05
17.64	20.68	170.05
17.65	20.62	170.04
17.66	20.53	170.04
17.67	20.81	170.04
17.68	20.62	170.04
17.69	20.61	170.04
17.70	20.53	170.04
17.71	20.71	170.04
17.72	20.56	170.04
17.73	20.49	170.04
17.74	20.47	170.04
17.75	20.44	170.03
17.76	20.61	170.03
17.77	20.44	170.03
17.78	20.43	170.04
17.79	20.56	170.04
17.80	20.35	170.04
17.81	20.59	170.04
17.82	20.40	170.04
17.83	20.51	170.04
17.84	20.53	170.04
17.85	20.38	170.04
17.86	20.45	170.03
17.87	20.25	170.03
17.88	20.46	170.03
17.89	20.30	170.03
17.90	20.43	170.03
17.91	20.46	170.03
17.92	20.31	170.03
17.93	20.33	170.03
17.94	20.27	170.03
17.95	20.36	170.03
17.96	20.30	170.03
17.97	20.38	170.03
17.98	20.32	170.03
17.99	20.22	170.03
18.00	20.24	170.03
18.01	20.34	170.03
18.02	20.45	170.03
18.03	20.25	170.03
18.04	20.32	170.03
18.05	20.29	170.03
18.06	20.27	170.03
18.07	20.18	170.03
18.08	20.26	170.03
18.09	20.24	170.03
18.10	20.39	170.03
18.11	20.15	170.03
18.12	20.21	170.04
18.13	20.34	170.04
18.14	20.00	170.04
18.15	20.13	170.04
18.16	20.21	170.04
18.17	20.24	170.04
18.18	20.17	170.05
18.19	20.22	170.05
18.20	20.18	170.05
18.21	19.87	170.05
18.22	20.04	170.06
18.23	20.21	170.06
18.24	20.04	170.06
18.25	20.24	170.06
18.26	20.26	170.07
18.27	20.10	170.07
18.28	20.07	170.07
18.29	20.32	170.07
18.30	20.31	170.07
18.31	20.16	170.07
18.32	20.13	170.08
18.33	20.44	170.08
18.34	20.37	170.08
18.35	20.06	170.08
18.36	20.15	170.08
18.37	20.60	170.08
18.38	19.99	170.08
18.39	20.03	170.08
18.40	20.37	170.08
18.41	20.52	170.08
18.42	19.90	170.08
18.43	20.04	170.09
18.44	20.42	170.09
18.45	20.30	170.08
18.46	19.92	170.08
18.47	20.42	170.08
18.48	20.53	170.08
18.49	20.06	170.08
18.50	19.99	170.08
18.51	20.81	170.07
18.52	20.45	170.07
18.53	19.95	170.07
18.54	20.21	170.07
18.55	20.84	170.08
18.56	20.45	170.08
18.57	20.09	170.08
18.58	20.22	170.08
18.59	20.88	170.07
18.60	20.49	170.07
18.61	20.22	170.08
18.62	20.62	170.08
18.63	20.74	170.08
18.64	20.24	170.08
18.65	20.13	170.08
18.66	20.86	170.08
18.67	20.68	170.08
18.68	20.26	170.08
18.69	20.49	170.08
18.70	20.89	170.08
18.71	20.42	170.09
18.72	20.22	170.09
18.73	20.57	170.09
18.74	20.59	170.09
18.75	20.24	170.09
18.76	20.72	170.09
18.77	20.79	170.09
18.78	20.76	170.09
18.79	20.13	170.10
18.80	20.83	170.10
18.81	20.66	170.11
18.82	20.24	170.11
18.83	20.73	170.10
18.84	21.01	170.10
18.85	20.54	170.11
18.86	20.62	170.11
18.87	21.21	170.11
18.88	20.89	170.11
18.89	20.68	170.11
18.90	20.85	170.11
18.91	21.06	170.11
18.92	20.61	170.11
18.93	20.73	170.11
18.94	20.81	170.11
18.95	21.09	170.11
18.96	20.76	170.11
18.97	20.90	170.11
18.98	21.23	170.11
18.99	21.02	170.11
19.00	20.73	170.12
19.01	21.07	170.12
19.02	21.23	170.12
19.03	20.94	170.12
19.04	20.99	170.11
19.05	21.20	170.11
19.06	21.21	170.12
19.07	20.74	170.12
19.08	21.26	170.11
19.09	21.42	170.11
19.10	21.20	170.11
19.11	21.32	170.11
19.12	21.64	170.11
19.13	21.33	170.11
19.14	21.18	170.11
19.15	21.61	170.11
19.16	21.42	170.11
19.17	21.36	170.11
19.18	21.56	170.10
19.19	21.64	170.10
19.20	21.30	170.11
19.21	21.21	170.11
19.22	21.70	170.11
19.23	21.87	170.11
19.24	21.58	170.10
19.25	21.45	170.10
19.26	21.87	170.11
19.27	21.86	170.11
19.28	21.52	170.11
19.29	21.90	170.11
19.30	21.95	170.11
19.31	21.92	170.11
19.32	21.86	170.11
19.33	22.11	170.11
19.34	22.24	170.11
19.35	22.04	170.11
19.36	21.97	170.11
19.37	22.42	170.11
19.38	22.24	170.11
19.39	22.08	170.11
19.40	22.23	170.10
19.41	22.44	170.10
19.42	22.35	170.10
19.43	22.30	170.10
19.44	22.62	170.10
19.45	22.60	170.09
19.46	22.38	170.09
19.47	22.48	170.09
19.48	22.67	170.09
19.49	22.68	170.08
19.50	22.34	170.08
19.51	22.78	170.08
19.52	22.54	170.08
19.53	22.77	170.07
19.54	22.86	170.07
19.55	22.94	170.07
19.56	22.80	170.07
19.57	23.19	170.07
19.58	23.07	170.07
19.59	22.91	170.07
19.60	23.19	170.07
19.61	23.21	170.06
19.62	23.16	170.06
19.63	23.22	170.05
19.64	23.45	170.05
19.65	23.40	170.05
19.66	23.33	170.05
19.67	23.47	170.05
19.68	23.42	170.05
19.69	23.61	170.05
19.70	23.48	170.05
19.71	23.74	170.04
19.72	23.71	170.04
19.73	23.72	170.04
19.74	23.72	170.04
19.75	23.77	170.04
19.76	23.93	170.04
19.77	23.94	170.04
19.78	24.14	170.04
19.79	24.01	170.05
19.80	24.15	170.05
19.81	24.32	170.05
19.82	24.26	170.05
19.83	24.23	170.05
19.84	24.21	170.05
19.85	24.48	170.05
19.86	24.43	170.05
19.87	24.50	170.06
19.88	24.51	170.06
19.89	24.76	170.06
19.90	24.57	170.06
19.91	24.58	170.06
19.92	24.90	170.06
19.93	24.71	170.06
19.94	24.75	170.06
19.95	24.87	170.05
19.96	25.17	170.05
19.97	24.74	170.05
19.98	25.14	170.05
19.99	25.25	170.05
20.00	25.18	170.05
20.01	25.01	170.05
20.02	25.20	170.06
20.03	25.70	170.06
20.04	25.45	170.06
20.05	25.43	170.06
20.06	25.40	170.06
20.07	25.96	170.06
20.08	25.58	170.05
20.09	25.40	170.05
20.10	26.00	170.05
20.11	26.35	170.05
20.12	26.03	170.06
20.13	25.91	170.06
20.14	26.36	170.05
20.15	26.14	170.05
20.16	25.92	170.06
20.17	26.18	170.06
20.18	26.89	170.06
20.19	26.58	170.06
20.20	26.28	170.06
20.21	26.41	170.06
20.22	27.00	170.06
20.23	26.51	170.06
20.24	26.55	170.06
20.25	26.94	170.06
20.26	26.95	170.06
20.27	26.54	170.06
20.28	27.11	170.06
20.29	27.42	170.06
20.30	27.00	170.05
20.31	26.89	170.05
20.32	27.57	170.05
20.33	27.52	170.05
20.34	27.05	170.05
20.35	27.40	170.05
20.36	28.09	170.05
20.37	27.59	170.05
20.38	27.51	170.05
20.39	28.19	170.05
20.40	27.88	170.05
20.41	27.70	170.05
20.42	28.07	170.04
20.43	28.41	170.04
20.44	27.77	170.04
20.45	27.93	170.04
20.46	28.24	170.04
20.47	28.56	170.04
20.48	28.49	170.04
20.49	28.07	170.04
20.50	27.97	170.04
20.51	28.70	170.04
20.52	28.78	170.05
20.53	28.32	170.05
20.54	28.61	170.04
20.55	29.03	170.04
20.56	28.72	170.04
20.57	28.44	170.04
20.58	28.73	170.04
20.59	29.13	170.04
20.60	28.95	170.04
20.61	28.92	170.04
20.62	28.77	170.04
20.63	29.25	170.04
20.64	28.89	170.04
20.65	28.92	170.04
20.66	29.05	170.04
20.67	29.36	170.04
20.68	28.94	170.04
20.69	28.98	170.04
20.70	29.22	170.04
20.71	29.29	170.04
20.72	28.99	170.04
20.73	29.09	170.04
20.74	29.32	170.04
20.75	29.04	170.05
20.76	29.02	170.05
20.77	29.30	170.04
20.78	29.33	170.04
20.79	28.97	170.05
20.80	29.05	170.05
20.81	29.41	170.04
20.82	29.21	170.04
20.83	28.89	170.05
20.84	29.30	170.05
20.85	29.32	170.05
20.86	29.01	170.05
20.87	29.06	170.04
20.88	29.18	170.04
20.89	28.95	170.04
20.90	28.87	170.04
20.91	29.06	170.04
20.92	29.09	170.04
20.93	28.59	170.04
20.94	28.80	170.04
20.95	29.00	170.03
20.96	28.65	170.03
20.97	28.71	170.03
20.98	28.79	170.03
20.99	28.59	170.03
21.00	28.37	170.03
21.01	28.41	170.04
21.02	28.51	170.04
21.03	28.43	170.03
21.04	28.14	170.03
21.05	28.35	170.03
21.06	28.48	170.03
21.07	28.17	170.03
21.08	28.04	170.03
21.09	28.21	170.02
21.10	28.01	170.02
21.11	27.82	170.02
21.12	27.81	170.02
21.13	27.96	170.03
21.14	27.80	170.03
21.15	27.77	170.03
21.16	27.83	170.03
21.17	27.71	170.03
21.18	27.50	170.02
21.19	27.45	170.02
21.20	27.64	170.02
21.21	27.26	170.02
21.22	27.21	170.02
21.23	27.19	170.02
21.24	27.20	170.03
21.25	27.15	170.03
21.26	26.83	170.02
21.27	26.94	170.02
21.28	26.70	170.03
21.29	26.92	170.03
21.30	26.75	170.03
21.31	26.72	170.03
21.32	26.73	170.03
21.33	26.68	170.03
21.34	26.62	170.04
21.35	26.43	170.04
21.36	26.45	170.04
21.37	26.29	170.04
21.38	26.26	170.04
21.39	26.34	170.04
21.40	26.11	170.04
21.41	25.99	170.04
21.42	26.12	170.04
21.43	26.00	170.04
21.44	25.65	170.04
21.45	26.70	170.04
21.46	25.82	170.04
21.47	25.65	170.04
21.48	25.59	170.05
21.49	25.71	170.05
21.50	25.94	170.05
21.51	26.08	170.05
21.52	25.03	170.05
21.53	24.57	170.05
21.54	28.16	170.06
21.55	25.96	170.06
21.56	23.51	170.05
21.57	24.86	170.05
21.58	23.39	170.06
21.59	24.14	170.06
21.60	25.49	170.05
21.61	24.43	170.05
21.62	24.40	170.06
21.63	25.00	170.06
21.64	24.74	170.06
21.65	24.32	170.06
21.66	24.86	170.06
21.67	24.80	170.06
21.68	24.27	170.05
21.69	24.82	170.05
21.70	24.89	170.05
21.71	24.64	170.05
21.72	24.11	170.04
21.73	24.37	170.04
21.74	24.37	170.04
21.75	23.85	170.04
21.76	24.02	170.04
21.77	24.03	170.03
21.78	23.67	170.03
21.79	23.90	170.03
21.80	24.23	170.03
21.81	23.74	170.03
21.82	23.36	170.03
21.83	24.03	170.03
21.84	23.70	170.03
21.85	23.41	170.02
21.86	23.85	170.02
21.87	23.72	170.03
21.88	23.19	170.03
21.89	23.48	170.03
21.90	23.65	170.03
21.91	23.14	170.03
21.92	23.11	170.03
21.93	23.43	170.03
21.94	22.97	170.03
21.95	22.85	170.03
21.96	23.22	170.03
21.97	22.99	170.03
21.98	22.87	170.03
21.99	23.25	170.03
22.00	23.11	170.03
22.01	22.78	170.03
22.02	22.63	170.03
22.03	22.94	170.02
22.04	22.74	170.02
22.05	22.56	170.02
22.06	22.76	170.02
22.07	22.68	170.02
22.08	22.45	170.02
22.09	22.40	170.02
22.10	22.47	170.02
22.11	22.65	170.01
22.12	22.07	170.01
22.13	22.35	170.02
22.14	22.37	170.02
22.15	22.24	170.02
22.16	22.23	170.02
22.17	22.28	170.01
22.18	22.20	170.01
22.19	21.93	170.01
22.20	22.25	170.01
22.21	22.15	170.02
22.22	22.01	170.02
22.23	21.86	170.01
22.24	22.06	170.01
22.25	22.05	170.01
22.26	21.75	170.01
22.27	21.92	170.02
22.28	21.99	170.02
22.29	21.62	170.02
22.30	21.76	170.02
22.31	21.78	170.02
22.32	21.61	170.03
22.33	21.65	170.03
22.34	21.64	170.04
22.35	21.69	170.04
22.36	21.50	170.04
22.37	21.56	170.04
22.38	21.62	170.04
22.39	21.58	170.04
22.40	21.41	170.05
22.41	21.49	170.05
22.42	21.54	170.05
22.43	21.44	170.05
22.44	21.37	170.05
22.45	21.49	170.05
22.46	21.50	170.06
22.47	21.25	170.06
22.48	21.21	170.06
22.49	21.37	170.06
22.50	21.33	170.07
22.51	21.13	170.07
22.52	21.25	170.07
22.53	21.33	170.07
22.54	21.33	170.08
22.55	21.06	170.08
22.56	21.20	170.08
22.57	21.32	170.08
22.58	21.06	170.09
22.59	21.03	170.09
22.60	21.11	170.09
22.61	21.02	170.09
22.62	21.01	170.09
22.63	21.04	170.09
22.64	21.07	170.09
22.65	20.88	170.09
22.66	21.09	170.09
22.67	21.07	170.09
22.68	20.86	170.10
22.69	20.79	170.10
22.70	21.08	170.09
22.71	21.05	170.09
22.72	20.88	170.10
22.73	20.88	170.10
22.74	20.98	170.10
22.75	20.92	170.10
22.76	20.73	170.10
22.77	20.97	170.10
22.78	21.03	170.10
22.79	20.77	170.10
22.80	20.66	170.09
22.81	20.99	170.09
22.82	20.94	170.09
22.83	20.69	170.09
22.84	20.53	170.08
22.85	20.92	170.08
22.86	20.72	170.08
22.87	20.78	170.08
22.88	20.84	170.08
22.89	20.88	170.08
22.90	20.83	170.08
22.91	20.84	170.08
22.92	20.91	170.08
22.93	20.71	170.07
22.94	20.68	170.07
22.95	20.88	170.08
22.96	20.86	170.08
22.97	20.70	170.08
22.98	20.75	170.08
22.99	20.81	170.08
23.00	20.68	170.08
23.01	20.56	170.09
23.02	20.68	170.09
23.03	20.59	170.09
23.04	20.47	170.09
23.05	20.81	170.08
23.06	20.77	170.08
23.07	20.72	170.08
23.08	20.80	170.08
23.09	20.75	170.08
23.10	20.77	170.08
23.11	20.72	170.08
23.12	20.75	170.08
23.13	20.72	170.08
23.14	20.92	170.08
23.15	20.97	170.08
23.16	20.92	170.08
23.17	20.96	170.09
23.18	20.88	170.09
23.19	20.94	170.09
23.20	20.96	170.09
23.21	20.99	170.09
23.22	20.93	170.09
23.23	20.83	170.10
23.24	21.13	170.10
23.25	20.93	170.11
23.26	20.98	170.11
23.27	21.06	170.11
23.28	20.99	170.11
23.29	21.19	170.11
23.30	21.11	170.11
23.31	21.13	170.12
23.32	21.19	170.12
23.33	21.17	170.12
23.34	21.13	170.12
23.35	21.11	170.12
23.36	21.13	170.12
23.37	21.20	170.12
23.38	21.30	170.12
23.39	21.23	170.12
23.40	21.23	170.12
23.41	21.15	170.13
23.42	21.18	170.13
23.43	21.27	170.12
23.44	21.29	170.12
23.45	21.31	170.12
23.46	21.44	170.12
23.47	21.42	170.12
23.48	21.29	170.12
23.49	21.39	170.12
23.50	21.45	170.11
23.51	21.45	170.11
23.52	21.37	170.11
23.53	21.50	170.11
23.54	21.56	170.11
23.55	21.42	170.11
23.56	21.52	170.11
23.57	21.73	170.11
23.58	21.71	170.10
23.59	21.40	170.10
23.60	21.65	170.11
23.61	21.68	170.11
23.62	21.74	170.10
23.63	21.65	170.10
23.64	21.66	170.10
23.65	21.97	170.10
23.66	21.69	170.10
23.67	21.80	170.10
23.68	21.88	170.10
23.69	21.96	170.10
23.70	21.86	170.10
23.71	21.86	170.10
23.72	22.14	170.10
23.73	22.02	170.10
23.74	22.03	170.10
23.75	22.18	170.10
23.76	22.15	170.10
23.77	22.13	170.10
23.78	22.28	170.10
23.79	22.30	170.10
23.80	22.29	170.10
23.81	22.24	170.10
23.82	22.31	170.10
23.83	22.40	170.10
23.84	22.27	170.11
23.85	22.39	170.11
23.86	22.55	170.11
23.87	22.48	170.11
23.88	22.42	170.11
23.89	22.71	170.11
23.90	22.72	170.11
23.91	22.64	170.11
23.92	22.51	170.12
23.93	22.76	170.12
23.94	22.86	170.11
23.95	22.76	170.11
23.96	22.85	170.11
23.97	23.02	170.11
23.98	23.03	170.12
23.99	22.88	170.12
24.00	23.10	170.12
24.01	23.02	170.12
24.02	23.18	170.12
24.03	23.20	170.12
24.04	23.20	170.12
24.05	23.27	170.12
24.06	23.30	170.12
24.07	23.53	170.12
24.08	23.36	170.12
24.09	23.58	170.12
24.10	23.42	170.12
24.11	23.47	170.13
24.12	23.62	170.13
24.13	23.71	170.13
24.14	23.70	170.13
24.15	23.70	170.13
24.16	24.11	170.13
24.17	23.69	170.14
24.18	23.81	170.14
24.19	24.04	170.14
24.20	24.12	170.14
24.21	23.96	170.14
24.22	24.03	170.14
24.23	24.45	170.14
24.24	24.28	170.14
24.25	23.93	170.14
24.26	24.01	170.14
24.27	25.28	170.13
24.28	24.83	170.13
24.29	24.60	170.13
24.30	25.57	170.13
24.31	25.01	170.13
24.32	26.00	170.13
24.33	24.93	170.13
24.34	25.34	170.13
24.35	25.36	170.14
24.36	24.49	170.14
24.37	25.55	170.14
24.38	25.72	170.14
24.39	25.40	170.14
24.40	27.16	170.14
24.41	26.48	170.14
24.42	22.34	170.14
24.43	22.95	170.14
24.44	24.76	170.14
24.45	25.63	170.13
24.46	23.02	170.13
24.47	25.64	170.13
24.48	25.79	170.13
24.49	26.00	170.13
24.50	25.47	170.13
24.51	25.89	170.13
24.52	26.07	170.13
24.53	26.02	170.13
24.54	25.76	170.13
24.55	26.48	170.12
24.56	26.10	170.12
24.57	25.95	170.12
24.58	26.19	170.13
24.59	26.32	170.13
24.60	26.54	170.14
24.61	26.39	170.14
24.62	26.36	170.14
24.63	26.78	170.14
24.64	26.55	170.13
24.65	26.63	170.13
24.66	26.99	170.14
24.67	26.92	170.14
24.68	26.86	170.14
24.69	26.95	170.14
24.70	27.14	170.14
24.71	27.29	170.14
24.72	27.25	170.13
24.73	27.21	170.13
24.74	27.69	170.13
24.75	27.35	170.13
24.76	27.58	170.13
24.77	27.78	170.13
24.78	27.83	170.13
24.79	27.82	170.13
24.80	28.06	170.13
24.81	28.12	170.13
24.82	27.95	170.13
24.83	28.25	170.13
24.84	28.24	170.13
24.85	28.39	170.13
24.86	28.45	170.14
24.87	28.58	170.14
24.88	28.44	170.14
24.89	28.59	170.14
24.90	28.58	170.14
24.91	28.86	170.14
24.92	28.95	170.13
24.93	29.05	170.13
24.94	29.24	170.14
24.95	29.27	170.14
24.96	29.14	170.14
24.97	29.20	170.14
24.98	29.52	170.14
24.99	29.40	170.14
25.00	29.69	170.14
25.01	29.70	170.14
25.02	29.81	170.14
25.03	29.95	170.14
25.04	29.91	170.14
25.05	29.97	170.14
25.06	30.07	170.13
25.07	30.23	170.13
25.08	30.28	170.14
25.09	30.30	170.14
25.10	30.64	170.13
25.11	30.30	170.13
25.12	30.66	170.14
25.13	30.69	170.14
25.14	30.73	170.14
25.15	30.67	170.14
25.16	31.05	170.14
25.17	30.98	170.14
25.18	31.05	170.14
25.19	31.22	170.14
25.20	31.50	170.14
25.21	31.48	170.14
25.22	31.49	170.14
25.23	31.49	170.13
25.24	31.54	170.13
25.25	31.62	170.13
25.26	31.49	170.13
25.27	31.79	170.13
25.28	31.94	170.13
25.29	31.90	170.11
25.30	31.84	170.11
25.31	32.11	170.11
25.32	32.14	170.11
25.33	31.94	170.11
25.34	32.28	170.11
25.35	32.44	170.11
25.36	32.44	170.11
25.37	32.26	170.11
25.38	32.41	170.11
25.39	32.59	170.11
25.40	32.40	170.11
25.41	32.50	170.10
25.42	32.60	170.10
25.43	32.98	170.10
25.44	32.62	170.10
25.45	32.59	170.10
25.46	32.97	170.10
25.47	32.96	170.10
25.48	32.68	170.10
25.49	32.77	170.09
25.50	33.11	170.09
25.51	32.96	170.09
25.52	32.68	170.09
25.53	32.98	170.09
25.54	32.96	170.09
25.55	32.97	170.08
25.56	32.78	170.08
25.57	32.98	170.08
25.58	33.10	170.08
25.59	33.11	170.08
25.60	32.64	170.08
25.61	32.93	170.08
25.62	33.12	170.08
25.63	32.99	170.07
25.64	32.94	170.07
25.65	33.04	170.07
25.66	32.86	170.07
25.67	32.74	170.06
25.68	33.04	170.06
25.69	32.91	170.06
25.70	32.75	170.06
25.71	32.80	170.06
25.72	32.91	170.07
25.73	32.52	170.07
25.74	32.64	170.06
25.75	32.58	170.06
25.76	32.61	170.06
25.77	32.18	170.06
25.78	32.52	170.06
25.79	32.51	170.06
25.80	32.10	170.06
25.81	32.19	170.06
25.82	32.28	170.07
25.83	32.23	170.07
25.84	31.80	170.06
25.85	31.89	170.06
25.86	32.03	170.07
25.87	31.84	170.07
25.88	31.84	170.08
25.89	32.02	170.08
25.90	31.72	170.07
25.91	31.51	170.07
25.92	31.47	170.08
25.93	31.80	170.08
25.94	31.49	170.07
25.95	31.14	170.07
25.96	31.26	170.08
25.97	31.44	170.08
25.98	31.22	170.09
25.99	30.81	170.09
26.00	31.04	170.09
26.01	31.03	170.09
26.02	30.58	170.09
26.03	30.65	170.09
26.04	30.79	170.10
26.05	30.60	170.10
26.06	30.12	170.10
26.07	30.49	170.10
26.08	30.32	170.09
26.09	30.14	170.09
26.10	29.86	170.10
26.11	30.21	170.10
26.12	29.96	170.09
26.13	29.59	170.09
26.14	29.94	170.09
26.15	29.81	170.09
26.16	29.71	170.09
26.17	29.60	170.09
26.18	29.73	170.09
26.19	29.50	170.09
26.20	29.46	170.09
26.21	29.38	170.09
26.22	29.40	170.09
26.23	29.14	170.09
26.24	28.92	170.09
26.25	29.03	170.09
26.26	28.87	170.09
26.27	28.90	170.09
26.28	28.63	170.08
26.29	28.86	170.08
26.30	28.49	170.08
26.31	28.51	170.08
26.32	28.33	170.08
26.33	28.31	170.08
26.34	28.20	170.08
26.35	28.09	170.07
26.36	28.06	170.07
26.37	27.87	170.07
26.38	27.81	170.07
26.39	27.93	170.07
26.40	27.74	170.07
26.41	27.71	170.07
26.42	27.47	170.07
26.43	27.57	170.06
26.44	27.34	170.06
26.45	27.34	170.06
26.46	27.19	170.06
26.47	27.18	170.05
26.48	27.14	170.05
26.49	26.99	170.05
26.50	27.03	170.05
26.51	26.77	170.05
26.52	26.84	170.05
26.53	26.59	170.04
26.54	26.54	170.04
26.55	26.44	170.04
26.56	26.39	170.04
26.57	26.34	170.04
26.58	26.33	170.04
26.59	26.11	170.05
26.60	26.03	170.05
26.61	26.04	170.04
26.62	25.88	170.04
26.63	25.82	170.04
26.64	25.75	170.04
26.65	25.77	170.03
26.66	25.61	170.03
26.67	25.57	170.03
26.68	25.55	170.03
26.69	25.40	170.03
26.70	25.37	170.03
26.71	25.16	170.03
26.72	25.40	170.03
26.73	25.22	170.02
26.74	25.02	170.02
26.75	24.99	170.02
26.76	25.05	170.02
26.77	24.78	170.02
26.78	24.90	170.02
26.79	24.74	170.02
26.80	24.55	170.02
26.81	24.53	170.02
26.82	24.51	170.02
26.83	24.58	170.02
26.84	24.31	170.02
26.85	24.25	170.03
26.86	24.28	170.03
26.87	24.20	170.03
26.88	23.94	170.03
26.89	23.94	170.03
26.90	24.11	170.03
26.91	27.60	170.03
26.92	23.82	170.03
26.93	23.75	170.03
26.94	23.84	170.02
26.95	23.59	170.02
26.96	23.85	170.02
26.97	23.61	170.02
26.98	23.61	170.01
26.99	23.50	170.01
27.00	23.65	170.01
27.01	23.37	170.01
27.02	23.19	170.01
27.03	23.57	170.01
27.04	23.23	170.00
27.05	23.12	170.00
27.06	23.22	169.98
27.07	23.26	169.98
27.08	22.97	169.98
27.09	22.47	169.98
27.10	23.12	169.98
27.11	22.93	169.98
27.12	22.99	169.97
27.13	22.96	169.97
27.14	22.92	169.97
27.15	22.69	169.97
27.16	22.79	169.97
27.17	22.83	169.97
27.18	22.69	169.97
27.19	22.65	169.97
27.20	22.72	169.97
27.21	22.46	169.97
27.22	21.53	169.97
27.23	21.88	169.97
27.24	22.45	169.96
27.25	22.44	169.96
27.26	22.45	169.97
27.27	22.37	169.97
27.28	22.41	169.97
27.29	22.30	169.97
27.30	22.41	169.97
27.31	22.41	169.97
27.32	22.26	169.97
27.33	22.24	169.97
27.34	22.37	169.97
27.35	22.17	169.97
27.36	22.15	169.97
27.37	22.07	169.97
27.38	22.17	169.97
27.39	22.24	169.97
27.40	22.33	169.97
27.41	22.57	169.97
27.42	22.11	169.98
27.43	22.22	169.98
27.44	22.25	169.98
27.45	22.06	169.98
27.46	22.12	169.97
27.47	22.17	169.97
27.48	22.51	169.97
27.49	22.06	169.97
27.50	21.56	169.97
27.51	21.84	169.97
27.52	21.84	169.97
27.53	22.00	169.96
27.54	21.92	169.96
27.55	21.57	169.97
27.56	21.80	169.97
27.57	21.70	169.97
27.58	21.73	169.97
27.59	21.90	169.96
27.60	21.87	169.96
27.61	21.59	169.96
27.62	21.81	169.96
27.63	21.86	169.96
27.64	21.67	169.96
27.65	21.64	169.96
27.66	21.92	169.96
27.67	21.83	169.95
27.68	21.56	169.95
27.69	21.81	169.95
27.70	21.87	169.95
27.71	21.75	169.95
27.72	21.59	169.95
27.73	21.74	169.94
27.74	21.93	169.94
27.75	21.75	169.94
27.76	21.65	169.94
27.77	21.92	169.93
27.78	21.87	169.93
27.79	21.53	169.93
27.80	21.69	169.93
27.81	21.93	169.93
27.82	21.50	169.93
27.83	21.43	169.92
27.84	21.80	169.92
27.85	21.78	169.93
27.86	21.62	169.93
27.87	21.68	169.92
27.88	21.83	169.92
27.89	21.94	169.92
27.90	21.37	169.92
27.91	21.60	169.92
27.92	22.04	169.92
27.93	22.05	169.91
27.94	21.60	169.91
27.95	21.59	169.90
27.96	21.97	169.90
27.97	22.00	169.91
27.98	21.82	169.91
27.99	21.61	169.91
28.00	22.00	169.91
28.01	22.12	169.90
28.02	21.88	169.90
28.03	21.64	169.90
28.04	22.16	169.90
28.05	22.09	169.90
28.06	21.67	169.91
28.07	21.63	169.91
28.08	21.90	169.90
28.09	22.30	169.90
28.10	22.06	169.90
28.11	21.94	169.90
28.12	22.07	169.90
28.13	22.27	169.90
28.14	22.27	169.90
28.15	21.68	169.90
28.16	22.33	169.89
28.17	22.19	169.89
28.18	22.08	169.88
28.19	22.12	169.88
28.20	22.41	169.89
28.21	22.46	169.89
28.22	22.08	169.89
28.23	22.20	169.89
28.24	22.51	169.89
28.25	22.35	169.89
28.26	22.19	169.89
28.27	22.28	169.89
28.28	22.72	169.89
28.29	22.39	169.89
28.30	22.17	169.89
28.31	22.69	169.89
28.32	22.64	169.89
28.33	22.56	169.89
28.34	22.67	169.89
28.35	22.84	169.89
28.36	22.74	169.90
28.37	22.59	169.90
28.38	22.87	169.90
28.39	22.82	169.90
28.40	22.60	169.91
28.41	22.63	169.91
28.42	22.87	169.92
28.43	23.03	169.92
28.44	22.83	169.92
28.45	22.96	169.92
28.46	23.04	169.92
28.47	22.97	169.92
28.48	22.93	169.92
28.49	22.72	169.92
28.50	23.16	169.93
28.51	23.03	169.93
28.52	23.23	169.92
28.53	23.42	169.92
28.54	23.38	169.92
28.55	23.15	169.92
28.56	23.44	169.92
28.57	23.54	169.92
28.58	23.26	169.92
28.59	23.36	169.92
28.60	23.68	169.91
28.61	23.72	169.91
28.62	23.55	169.91
28.63	23.79	169.92
28.64	23.80	169.92
28.65	23.84	169.91
28.66	23.86	169.91
28.67	23.76	169.91
28.68	23.89	169.91
28.69	24.00	169.91
28.70	24.06	169.91
28.71	24.13	169.91
28.72	24.12	169.91
28.73	23.96	169.91
28.74	24.13	169.91
28.75	24.20	169.91
28.76	24.28	169.91
28.77	24.24	169.91
28.78	24.50	169.91
28.79	24.49	169.91
28.80	24.61	169.91
28.81	24.68	169.92
28.82	24.62	169.92
28.83	24.69	169.91
28.84	24.68	169.91
28.85	24.75	169.91
28.86	24.93	169.91
28.87	24.85	169.92
28.88	24.93	169.92
28.89	24.97	169.92
28.90	25.09	169.92
28.91	25.10	169.92
28.92	25.23	169.92
28.93	25.20	169.93
28.94	25.24	169.93
28.95	25.31	169.93
28.96	25.41	169.93
28.97	25.29	169.93
28.98	25.68	169.93
28.99	25.61	169.93
29.00	25.66	169.93
29.01	25.73	169.93
29.02	25.79	169.93
29.03	25.88	169.93
29.04	25.85	169.93
29.05	25.90	169.94
29.06	25.94	169.94
29.07	26.06	169.93
29.08	26.12	169.93
29.09	26.17	169.94
29.10	26.17	169.94
29.11	26.40	169.94
29.12	26.45	169.94
29.13	26.35	169.95
29.14	26.55	169.95
29.15	26.78	169.94
29.16	26.68	169.94
29.17	26.66	169.94
29.18	26.85	169.94
29.19	26.85	169.94
29.20	27.07	169.95
29.21	26.91	169.95
29.22	27.07	169.94
29.23	27.29	169.94
29.24	27.28	169.95
29.25	27.53	169.95
29.26	27.43	169.95
29.27	27.57	169.95
29.28	27.73	169.95
29.29	27.67	169.95
29.30	27.61	169.94
29.31	27.88	169.94
29.32	28.07	169.94
29.33	28.01	169.94
29.34	28.01	169.93
29.35	28.20	169.93
29.36	28.22	169.93
29.37	28.37	169.93
29.38	28.41	169.93
29.39	28.47	169.93
29.40	28.64	169.92
29.41	28.54	169.92
29.42	28.74	169.91
29.43	29.10	169.91
29.44	28.89	169.91
29.45	28.91	169.91
29.46	29.25	169.90
29.47	29.36	169.90
29.48	29.18	169.91
29.49	29.23	169.91
29.50	29.65	169.90
29.51	29.57	169.90
29.52	29.57	169.90
29.53	29.65	169.90
29.54	30.17	169.90
29.55	29.86	169.90
29.56	29.91	169.90
29.57	29.99	169.90
29.58	30.38	169.89
29.59	30.31	169.89
29.60	30.13	169.89
29.61	30.21	169.89
29.62	30.50	169.90
29.63	31.06	169.90
29.64	30.47	169.89
29.65	30.70	169.89
29.66	31.10	169.89
29.67	31.24	169.89
29.68	30.79	169.89
29.69	31.17	169.89
29.70	31.42	169.89
29.71	31.63	169.88
29.72	31.32	169.88
29.73	31.48	169.88
29.74	31.95	169.88
29.75	31.98	169.88
29.76	31.83	169.88
29.77	31.80	169.88
29.78	32.22	169.88
29.79	32.59	169.87
29.80	32.11	169.87
29.81	32.11	169.88
29.82	32.52	169.88
29.83	32.76	169.88
29.84	32.34	169.88
29.85	32.79	169.88
29.86	32.93	169.88
29.87	32.80	169.90
29.88	32.95	169.90
29.89	33.08	169.90
29.90	33.36	169.90
29.91	33.11	169.90
29.92	33.39	169.90
29.93	33.66	169.89
29.94	33.64	169.89
29.95	33.38	169.89
29.96	33.88	169.89
29.97	34.02	169.90
29.98	33.91	169.90
29.99	34.11	169.89
30.00	34.35	169.89
